Chg, spotDist, metRelChg, volChg, target
121, 27, 131, 43, WRITE-
121, 38, 131, 43, WRITE-
121, 49, 131, 43, WRITE-
121, 60, 131, 43, WRITE-
121, 71, 131, 43, HOLD-
121, 82, 131, 43, HOLD-
121, 93, 131, 43, HOLD-
121, 104, 131, 43, HOLD-
121, 115, 131, 43, HOLD-
121, 126, 131, 43, HOLD-
121, 137, 131, 43, HOLD-
121, 148, 131, 43, HOLD-
121, 159, 131, 43, HOLD-
121, 170, 131, 43, HOLD-
121, 181, 131, 43, BUY-
121, 192, 131, 43, BUY-
121, 203, 131, 43, BUY-
121, 215, 131, 43, BUY-
121, 226, 131, 43, BUY-
174, 26, 176, 26, WRITE-
174, 37, 176, 26, WRITE-
174, 48, 176, 26, WRITE-
174, 59, 176, 26, WRITE-
174, 70, 176, 26, HOLD-
174, 81, 176, 26, HOLD-
174, 92, 176, 26, HOLD-
174, 103, 176, 26, HOLD-
174, 114, 176, 26, HOLD-
174, 125, 176, 26, HOLD-
174, 136, 176, 26, HOLD-
174, 147, 176, 26, HOLD-
174, 158, 176, 26, HOLD-
174, 169, 176, 26, HOLD-
174, 180, 176, 26, BUY-
174, 191, 176, 26, BUY-
174, 202, 176, 26, BUY-
174, 214, 176, 26, BUY-
174, 225, 176, 26, BUY-
205, 32, 196, 43, WRITE-
205, 43, 196, 43, WRITE-
205, 54, 196, 43, WRITE-
205, 65, 196, 43, WRITE-
205, 76, 196, 43, HOLD-
205, 87, 196, 43, HOLD-
205, 98, 196, 43, HOLD-
205, 109, 196, 43, HOLD-
205, 120, 196, 43, HOLD-
205, 131, 196, 43, HOLD-
205, 142, 196, 43, HOLD-
205, 153, 196, 43, HOLD-
205, 164, 196, 43, HOLD-
205, 175, 196, 43, HOLD-
205, 187, 196, 43, BUY-
205, 198, 196, 43, BUY-
205, 209, 196, 43, BUY-
205, 220, 196, 43, BUY-
205, 231, 196, 43, BUY-
117, 42, 128, 25, WRITE-
117, 53, 128, 25, WRITE-
117, 64, 128, 25, WRITE-
117, 75, 128, 25, WRITE-
117, 86, 128, 25, HOLD-
117, 97, 128, 25, HOLD-
117, 108, 128, 25, HOLD-
117, 119, 128, 25, HOLD-
117, 130, 128, 25, HOLD-
117, 141, 128, 25, HOLD-
117, 152, 128, 25, HOLD-
117, 163, 128, 25, HOLD-
117, 174, 128, 25, HOLD-
117, 185, 128, 25, HOLD-
117, 197, 128, 25, BUY-
117, 208, 128, 25, BUY-
117, 219, 128, 25, BUY-
117, 230, 128, 25, BUY-
117, 241, 128, 25, BUY-
92, 40, 110, 74, WRITE-
92, 51, 110, 74, WRITE-
92, 63, 110, 74, WRITE-
92, 74, 110, 74, WRITE-
92, 85, 110, 74, HOLD-
92, 96, 110, 74, HOLD-
92, 107, 110, 74, HOLD-
92, 118, 110, 74, HOLD-
92, 129, 110, 74, HOLD-
92, 140, 110, 74, HOLD-
92, 151, 110, 74, HOLD-
92, 162, 110, 74, HOLD-
92, 173, 110, 74, HOLD-
92, 184, 110, 74, HOLD-
92, 195, 110, 74, BUY-
92, 206, 110, 74, BUY-
92, 217, 110, 74, BUY-
92, 228, 110, 74, BUY-
92, 239, 110, 74, BUY-
77, 36, 95, 39, WRITE-
77, 47, 95, 39, WRITE-
77, 58, 95, 39, WRITE-
77, 69, 95, 39, WRITE-
77, 80, 95, 39, WRITE-
77, 91, 95, 39, HOLD-
77, 102, 95, 39, HOLD-
77, 113, 95, 39, HOLD-
77, 124, 95, 39, HOLD-
77, 135, 95, 39, HOLD-
77, 146, 95, 39, HOLD-
77, 157, 95, 39, HOLD-
77, 168, 95, 39, HOLD-
77, 179, 95, 39, HOLD-
77, 190, 95, 39, BUY-
77, 201, 95, 39, BUY-
77, 212, 95, 39, BUY-
77, 223, 95, 39, BUY-
77, 234, 95, 39, BUY-
116, 29, 124, 41, WRITE-
116, 40, 124, 41, WRITE-
116, 51, 124, 41, WRITE-
116, 62, 124, 41, WRITE-
116, 73, 124, 41, WRITE-
116, 84, 124, 41, HOLD-
116, 95, 124, 41, HOLD-
116, 106, 124, 41, HOLD-
116, 117, 124, 41, HOLD-
116, 128, 124, 41, HOLD-
116, 139, 124, 41, HOLD-
116, 150, 124, 41, HOLD-
116, 161, 124, 41, HOLD-
116, 172, 124, 41, HOLD-
116, 183, 124, 41, BUY-
116, 194, 124, 41, BUY-
116, 205, 124, 41, BUY-
116, 216, 124, 41, BUY-
116, 227, 124, 41, BUY-
155, 27, 148, 96, WRITE-
155, 38, 148, 96, WRITE-
155, 49, 148, 96, WRITE-
155, 60, 148, 96, WRITE-
155, 71, 148, 96, WRITE-
155, 82, 148, 96, HOLD-
155, 93, 148, 96, HOLD-
155, 104, 148, 96, HOLD-
155, 115, 148, 96, HOLD-
155, 126, 148, 96, HOLD-
155, 138, 148, 96, HOLD-
155, 149, 148, 96, HOLD-
155, 160, 148, 96, HOLD-
155, 171, 148, 96, HOLD-
155, 182, 148, 96, BUY-
155, 193, 148, 96, BUY-
155, 204, 148, 96, BUY-
155, 215, 148, 96, BUY-
155, 226, 148, 96, BUY-
121, 31, 135, 34, WRITE-
121, 42, 135, 34, WRITE-
121, 53, 135, 34, WRITE-
121, 64, 135, 34, WRITE-
121, 75, 135, 34, WRITE-
121, 86, 135, 34, HOLD-
121, 97, 135, 34, HOLD-
121, 108, 135, 34, HOLD-
121, 119, 135, 34, HOLD-
121, 130, 135, 34, HOLD-
121, 141, 135, 34, HOLD-
121, 152, 135, 34, HOLD-
121, 163, 135, 34, HOLD-
121, 174, 135, 34, HOLD-
121, 185, 135, 34, BUY-
121, 196, 135, 34, BUY-
121, 207, 135, 34, BUY-
121, 219, 135, 34, BUY-
121, 230, 135, 34, BUY-
92, 30, 89, 29, WRITE-
92, 41, 89, 29, WRITE-
92, 52, 89, 29, WRITE-
92, 63, 89, 29, WRITE-
92, 74, 89, 29, WRITE-
92, 85, 89, 29, HOLD-
92, 96, 89, 29, HOLD-
92, 107, 89, 29, HOLD-
92, 118, 89, 29, HOLD-
92, 129, 89, 29, HOLD-
92, 140, 89, 29, HOLD-
92, 151, 89, 29, HOLD-
92, 162, 89, 29, HOLD-
92, 173, 89, 29, HOLD-
92, 184, 89, 29, BUY-
92, 196, 89, 29, BUY-
92, 207, 89, 29, BUY-
92, 218, 89, 29, BUY-
92, 229, 89, 29, BUY-
47, 36, 53, 56, WRITE-
47, 47, 53, 56, WRITE-
47, 58, 53, 56, WRITE-
47, 69, 53, 56, WRITE-
47, 80, 53, 56, HOLD-
47, 91, 53, 56, HOLD-
47, 102, 53, 56, HOLD-
47, 113, 53, 56, HOLD-
47, 124, 53, 56, HOLD-
47, 135, 53, 56, HOLD-
47, 146, 53, 56, HOLD-
47, 157, 53, 56, HOLD-
47, 168, 53, 56, HOLD-
47, 180, 53, 56, BUY-
47, 191, 53, 56, BUY-
47, 202, 53, 56, BUY-
47, 213, 53, 56, BUY-
47, 224, 53, 56, BUY-
148, 24, 189, 30, WRITE-
148, 35, 189, 30, WRITE-
148, 47, 189, 30, WRITE-
148, 58, 189, 30, WRITE-
148, 69, 189, 30, HOLD-
148, 80, 189, 30, HOLD-
148, 91, 189, 30, HOLD-
148, 102, 189, 30, HOLD-
148, 113, 189, 30, HOLD-
148, 124, 189, 30, HOLD-
148, 135, 189, 30, HOLD-
148, 146, 189, 30, HOLD-
148, 157, 189, 30, HOLD-
148, 168, 189, 30, BUY-
148, 179, 189, 30, BUY-
148, 190, 189, 30, BUY-
148, 201, 189, 30, BUY-
148, 212, 189, 30, BUY-
180, 27, 197, 103, WRITE-
180, 38, 197, 103, WRITE-
180, 49, 197, 103, WRITE-
180, 60, 197, 103, WRITE-
180, 71, 197, 103, HOLD-
180, 82, 197, 103, HOLD-
180, 94, 197, 103, HOLD-
180, 105, 197, 103, HOLD-
180, 116, 197, 103, HOLD-
180, 127, 197, 103, HOLD-
180, 138, 197, 103, HOLD-
180, 149, 197, 103, HOLD-
180, 160, 197, 103, HOLD-
180, 171, 197, 103, BUY-
180, 182, 197, 103, BUY-
180, 193, 197, 103, BUY-
180, 204, 197, 103, BUY-
180, 215, 197, 103, BUY-
112, 34, 174, 47, WRITE-
112, 45, 174, 47, WRITE-
112, 56, 174, 47, WRITE-
112, 67, 174, 47, WRITE-
112, 78, 174, 47, HOLD-
112, 90, 174, 47, HOLD-
112, 101, 174, 47, HOLD-
112, 112, 174, 47, HOLD-
112, 123, 174, 47, HOLD-
112, 134, 174, 47, HOLD-
112, 145, 174, 47, HOLD-
112, 156, 174, 47, HOLD-
112, 167, 174, 47, HOLD-
112, 178, 174, 47, BUY-
112, 189, 174, 47, BUY-
112, 200, 174, 47, BUY-
112, 211, 174, 47, BUY-
112, 222, 174, 47, BUY-
188, 32, 176, 33, WRITE-
188, 43, 176, 33, WRITE-
188, 54, 176, 33, WRITE-
188, 65, 176, 33, WRITE-
188, 76, 176, 33, HOLD-
188, 87, 176, 33, HOLD-
188, 98, 176, 33, HOLD-
188, 109, 176, 33, HOLD-
188, 120, 176, 33, HOLD-
188, 131, 176, 33, HOLD-
188, 142, 176, 33, HOLD-
188, 154, 176, 33, HOLD-
188, 165, 176, 33, HOLD-
188, 176, 176, 33, BUY-
188, 187, 176, 33, BUY-
188, 198, 176, 33, BUY-
188, 209, 176, 33, BUY-
188, 220, 176, 33, BUY-
110, 40, 111, 91, WRITE-
110, 51, 111, 91, WRITE-
110, 62, 111, 91, WRITE-
110, 73, 111, 91, WRITE-
110, 84, 111, 91, HOLD-
110, 95, 111, 91, HOLD-
110, 106, 111, 91, HOLD-
110, 117, 111, 91, HOLD-
110, 128, 111, 91, HOLD-
110, 140, 111, 91, HOLD-
110, 151, 111, 91, HOLD-
110, 162, 111, 91, HOLD-
110, 173, 111, 91, HOLD-
110, 184, 111, 91, BUY-
110, 195, 111, 91, BUY-
110, 206, 111, 91, BUY-
110, 217, 111, 91, BUY-
110, 228, 111, 91, BUY-
150, 38, 135, 48, WRITE-
150, 49, 135, 48, WRITE-
150, 60, 135, 48, WRITE-
150, 71, 135, 48, WRITE-
150, 82, 135, 48, HOLD-
150, 93, 135, 48, HOLD-
150, 104, 135, 48, HOLD-
150, 115, 135, 48, HOLD-
150, 126, 135, 48, HOLD-
150, 137, 135, 48, HOLD-
150, 148, 135, 48, HOLD-
150, 159, 135, 48, HOLD-
150, 170, 135, 48, HOLD-
150, 181, 135, 48, BUY-
150, 192, 135, 48, BUY-
150, 203, 135, 48, BUY-
150, 214, 135, 48, BUY-
150, 225, 135, 48, BUY-
108, 41, 100, 66, WRITE-
108, 52, 100, 66, WRITE-
108, 63, 100, 66, WRITE-
108, 74, 100, 66, WRITE-
108, 85, 100, 66, HOLD-
108, 96, 100, 66, HOLD-
108, 107, 100, 66, HOLD-
108, 118, 100, 66, HOLD-
108, 129, 100, 66, HOLD-
108, 140, 100, 66, HOLD-
108, 151, 100, 66, HOLD-
108, 162, 100, 66, HOLD-
108, 173, 100, 66, HOLD-
108, 184, 100, 66, BUY-
108, 195, 100, 66, BUY-
108, 206, 100, 66, BUY-
108, 217, 100, 66, BUY-
108, 228, 100, 66, BUY-
84, 38, 112, 37, WRITE-
84, 49, 112, 37, WRITE-
84, 60, 112, 37, WRITE-
84, 71, 112, 37, WRITE-
84, 82, 112, 37, HOLD-
84, 93, 112, 37, HOLD-
84, 104, 112, 37, HOLD-
84, 115, 112, 37, HOLD-
84, 126, 112, 37, HOLD-
84, 137, 112, 37, HOLD-
84, 148, 112, 37, HOLD-
84, 159, 112, 37, HOLD-
84, 171, 112, 37, HOLD-
84, 182, 112, 37, BUY-
84, 193, 112, 37, BUY-
84, 204, 112, 37, BUY-
84, 215, 112, 37, BUY-
84, 226, 112, 37, BUY-
24, 43, 67, 4, WRITE-
24, 54, 67, 4, WRITE-
24, 65, 67, 4, WRITE-
24, 65, 67, 4, WRITE-
24, 76, 67, 4, WRITE-
24, 76, 67, 4, WRITE-
24, 87, 67, 4, HOLD-
24, 87, 67, 4, HOLD-
24, 98, 67, 4, HOLD-
24, 98, 67, 4, HOLD-
24, 109, 67, 4, HOLD-
24, 109, 67, 4, HOLD-
24, 120, 67, 4, HOLD-
24, 120, 67, 4, HOLD-
24, 131, 67, 4, HOLD-
24, 131, 67, 4, HOLD-
24, 142, 67, 4, HOLD-
24, 142, 67, 4, HOLD-
24, 153, 67, 4, HOLD-
24, 153, 67, 4, HOLD-
24, 164, 67, 4, HOLD-
24, 164, 67, 4, HOLD-
24, 175, 67, 4, BUY-
24, 175, 67, 4, BUY-
24, 187, 67, 4, BUY-
24, 187, 67, 4, BUY-
24, 198, 67, 4, BUY-
24, 198, 67, 4, BUY-
24, 209, 67, 4, BUY-
24, 220, 67, 4, BUY-
0, 28, 32, 37, WRITE-
0, 39, 32, 37, WRITE-
0, 50, 32, 37, WRITE-
0, 61, 32, 37, WRITE-
0, 61, 32, 37, WRITE-
0, 72, 32, 37, WRITE-
0, 72, 32, 37, WRITE-
0, 83, 32, 37, HOLD-
0, 83, 32, 37, HOLD-
0, 94, 32, 37, HOLD-
0, 94, 32, 37, HOLD-
0, 105, 32, 37, HOLD-
0, 105, 32, 37, HOLD-
0, 116, 32, 37, HOLD-
0, 116, 32, 37, HOLD-
0, 127, 32, 37, HOLD-
0, 127, 32, 37, HOLD-
0, 138, 32, 37, HOLD-
0, 138, 32, 37, HOLD-
0, 149, 32, 37, HOLD-
0, 149, 32, 37, HOLD-
0, 161, 32, 37, BUY-
0, 161, 32, 37, BUY-
0, 172, 32, 37, BUY-
0, 172, 32, 37, BUY-
0, 183, 32, 37, BUY-
0, 183, 32, 37, BUY-
0, 194, 32, 37, BUY-
0, 205, 32, 37, BUY-
57, 20, 60, 93, WRITE-
57, 31, 60, 93, WRITE-
57, 42, 60, 93, WRITE-
57, 42, 60, 93, WRITE-
57, 53, 60, 93, WRITE-
57, 53, 60, 93, WRITE-
57, 64, 60, 93, WRITE-
57, 64, 60, 93, HOLD-
57, 75, 60, 93, HOLD-
57, 75, 60, 93, HOLD-
57, 86, 60, 93, HOLD-
57, 86, 60, 93, HOLD-
57, 97, 60, 93, HOLD-
57, 97, 60, 93, HOLD-
57, 108, 60, 93, HOLD-
57, 108, 60, 93, HOLD-
57, 119, 60, 93, HOLD-
57, 119, 60, 93, HOLD-
57, 130, 60, 93, HOLD-
57, 130, 60, 93, HOLD-
57, 141, 60, 93, BUY-
57, 141, 60, 93, BUY-
57, 152, 60, 93, BUY-
57, 152, 60, 93, BUY-
57, 163, 60, 93, BUY-
57, 163, 60, 93, BUY-
57, 174, 60, 93, BUY-
57, 185, 60, 93, BUY-
157, 9, 168, 84, WRITE-
157, 20, 168, 84, WRITE-
157, 31, 168, 84, WRITE-
157, 31, 168, 84, WRITE-
157, 42, 168, 84, WRITE-
157, 42, 168, 84, WRITE-
157, 53, 168, 84, WRITE-
157, 53, 168, 84, HOLD-
157, 64, 168, 84, HOLD-
157, 64, 168, 84, HOLD-
157, 75, 168, 84, HOLD-
157, 75, 168, 84, HOLD-
157, 86, 168, 84, HOLD-
157, 86, 168, 84, HOLD-
157, 97, 168, 84, HOLD-
157, 97, 168, 84, HOLD-
157, 108, 168, 84, HOLD-
157, 108, 168, 84, HOLD-
157, 119, 168, 84, HOLD-
157, 119, 168, 84, HOLD-
157, 130, 168, 84, BUY-
157, 130, 168, 84, BUY-
157, 141, 168, 84, BUY-
157, 141, 168, 84, BUY-
157, 152, 168, 84, BUY-
157, 152, 168, 84, BUY-
157, 163, 168, 84, BUY-
157, 174, 168, 84, BUY-
70, 13, 108, 24, WRITE-
70, 24, 108, 24, WRITE-
70, 35, 108, 24, WRITE-
70, 35, 108, 24, WRITE-
70, 46, 108, 24, WRITE-
70, 46, 108, 24, WRITE-
70, 57, 108, 24, WRITE-
70, 57, 108, 24, HOLD-
70, 68, 108, 24, HOLD-
70, 68, 108, 24, HOLD-
70, 79, 108, 24, HOLD-
70, 79, 108, 24, HOLD-
70, 90, 108, 24, HOLD-
70, 90, 108, 24, HOLD-
70, 101, 108, 24, HOLD-
70, 101, 108, 24, HOLD-
70, 112, 108, 24, HOLD-
70, 112, 108, 24, HOLD-
70, 123, 108, 24, HOLD-
70, 123, 108, 24, HOLD-
70, 135, 108, 24, BUY-
70, 135, 108, 24, BUY-
70, 146, 108, 24, BUY-
70, 146, 108, 24, BUY-
70, 157, 108, 24, BUY-
70, 157, 108, 24, BUY-
70, 168, 108, 24, BUY-
70, 179, 108, 24, BUY-
126, 4, 153, 36, WRITE-
126, 15, 153, 36, WRITE-
126, 26, 153, 36, WRITE-
126, 26, 153, 36, WRITE-
126, 37, 153, 36, WRITE-
126, 37, 153, 36, WRITE-
126, 48, 153, 36, WRITE-
126, 48, 153, 36, HOLD-
126, 59, 153, 36, HOLD-
126, 59, 153, 36, HOLD-
126, 70, 153, 36, HOLD-
126, 70, 153, 36, HOLD-
126, 81, 153, 36, HOLD-
126, 81, 153, 36, HOLD-
126, 92, 153, 36, HOLD-
126, 92, 153, 36, HOLD-
126, 103, 153, 36, HOLD-
126, 103, 153, 36, HOLD-
126, 114, 153, 36, HOLD-
126, 114, 153, 36, HOLD-
126, 125, 153, 36, BUY-
126, 125, 153, 36, BUY-
126, 136, 153, 36, BUY-
126, 136, 153, 36, BUY-
126, 148, 153, 36, BUY-
126, 148, 153, 36, BUY-
126, 159, 153, 36, BUY-
126, 170, 153, 36, BUY-
123, 4, 100, 78, WRITE-
123, 15, 100, 78, WRITE-
123, 26, 100, 78, WRITE-
123, 26, 100, 78, WRITE-
123, 37, 100, 78, WRITE-
123, 37, 100, 78, WRITE-
123, 48, 100, 78, WRITE-
123, 48, 100, 78, HOLD-
123, 59, 100, 78, HOLD-
123, 59, 100, 78, HOLD-
123, 70, 100, 78, HOLD-
123, 70, 100, 78, HOLD-
123, 81, 100, 78, HOLD-
123, 81, 100, 78, HOLD-
123, 92, 100, 78, HOLD-
123, 92, 100, 78, HOLD-
123, 103, 100, 78, HOLD-
123, 103, 100, 78, HOLD-
123, 114, 100, 78, HOLD-
123, 114, 100, 78, HOLD-
123, 125, 100, 78, BUY-
123, 125, 100, 78, BUY-
123, 136, 100, 78, BUY-
123, 136, 100, 78, BUY-
123, 147, 100, 78, BUY-
123, 147, 100, 78, BUY-
123, 158, 100, 78, BUY-
123, 169, 100, 78, BUY-
255, 3, 255, 28, WRITE-
255, 14, 255, 28, WRITE-
255, 25, 255, 28, WRITE-
255, 25, 255, 28, WRITE-
255, 36, 255, 28, WRITE-
255, 36, 255, 28, WRITE-
255, 47, 255, 28, WRITE-
255, 47, 255, 28, HOLD-
255, 58, 255, 28, HOLD-
255, 58, 255, 28, HOLD-
255, 69, 255, 28, HOLD-
255, 69, 255, 28, HOLD-
255, 80, 255, 28, HOLD-
255, 80, 255, 28, HOLD-
255, 91, 255, 28, HOLD-
255, 91, 255, 28, HOLD-
255, 102, 255, 28, HOLD-
255, 102, 255, 28, HOLD-
255, 113, 255, 28, HOLD-
255, 113, 255, 28, HOLD-
255, 124, 255, 28, BUY-
255, 124, 255, 28, BUY-
255, 135, 255, 28, BUY-
255, 135, 255, 28, BUY-
255, 146, 255, 28, BUY-
255, 146, 255, 28, BUY-
255, 158, 255, 28, BUY-
255, 169, 255, 28, BUY-
154, 22, 163, 104, WRITE-
154, 33, 163, 104, WRITE-
154, 44, 163, 104, WRITE-
154, 44, 163, 104, WRITE-
154, 55, 163, 104, WRITE-
154, 55, 163, 104, WRITE-
154, 66, 163, 104, WRITE-
154, 66, 163, 104, HOLD-
154, 77, 163, 104, HOLD-
154, 77, 163, 104, HOLD-
154, 88, 163, 104, HOLD-
154, 88, 163, 104, HOLD-
154, 99, 163, 104, HOLD-
154, 99, 163, 104, HOLD-
154, 110, 163, 104, HOLD-
154, 110, 163, 104, HOLD-
154, 121, 163, 104, HOLD-
154, 121, 163, 104, HOLD-
154, 132, 163, 104, HOLD-
154, 132, 163, 104, HOLD-
154, 143, 163, 104, BUY-
154, 143, 163, 104, BUY-
154, 154, 163, 104, BUY-
154, 154, 163, 104, BUY-
154, 166, 163, 104, BUY-
154, 166, 163, 104, BUY-
154, 177, 163, 104, BUY-
154, 188, 163, 104, BUY-
114, 37, 119, 75, WRITE-
114, 48, 119, 75, WRITE-
114, 48, 119, 75, WRITE-
114, 59, 119, 75, WRITE-
114, 59, 119, 75, WRITE-
114, 70, 119, 75, WRITE-
114, 70, 119, 75, HOLD-
114, 81, 119, 75, WRITE-
114, 81, 119, 75, HOLD-
114, 92, 119, 75, HOLD-
114, 92, 119, 75, HOLD-
114, 103, 119, 75, HOLD-
114, 103, 119, 75, HOLD-
114, 114, 119, 75, HOLD-
114, 114, 119, 75, HOLD-
114, 125, 119, 75, HOLD-
114, 125, 119, 75, HOLD-
114, 136, 119, 75, HOLD-
114, 136, 119, 75, HOLD-
114, 147, 119, 75, BUY-
114, 147, 119, 75, BUY-
114, 158, 119, 75, BUY-
114, 158, 119, 75, BUY-
114, 169, 119, 75, BUY-
114, 169, 119, 75, BUY-
114, 180, 119, 75, BUY-
114, 191, 119, 75, BUY-
72, 35, 92, 32, WRITE-
72, 46, 92, 32, WRITE-
72, 46, 92, 32, WRITE-
72, 57, 92, 32, WRITE-
72, 57, 92, 32, WRITE-
72, 68, 92, 32, WRITE-
72, 68, 92, 32, HOLD-
72, 79, 92, 32, WRITE-
72, 79, 92, 32, HOLD-
72, 90, 92, 32, HOLD-
72, 90, 92, 32, HOLD-
72, 101, 92, 32, HOLD-
72, 101, 92, 32, HOLD-
72, 112, 92, 32, HOLD-
72, 112, 92, 32, HOLD-
72, 123, 92, 32, HOLD-
72, 123, 92, 32, HOLD-
72, 134, 92, 32, HOLD-
72, 134, 92, 32, HOLD-
72, 145, 92, 32, BUY-
72, 145, 92, 32, BUY-
72, 156, 92, 32, BUY-
72, 156, 92, 32, BUY-
72, 167, 92, 32, BUY-
72, 167, 92, 32, BUY-
72, 178, 92, 32, BUY-
72, 189, 92, 32, BUY-
36, 37, 65, 18, WRITE-
36, 37, 65, 18, WRITE-
36, 48, 65, 18, WRITE-
36, 48, 65, 18, WRITE-
36, 59, 65, 18, WRITE-
36, 59, 65, 18, HOLD-
36, 70, 65, 18, WRITE-
36, 70, 65, 18, HOLD-
36, 81, 65, 18, HOLD-
36, 81, 65, 18, HOLD-
36, 92, 65, 18, HOLD-
36, 92, 65, 18, HOLD-
36, 103, 65, 18, HOLD-
36, 103, 65, 18, HOLD-
36, 114, 65, 18, HOLD-
36, 114, 65, 18, HOLD-
36, 125, 65, 18, HOLD-
36, 125, 65, 18, HOLD-
36, 137, 65, 18, BUY-
36, 137, 65, 18, BUY-
36, 148, 65, 18, BUY-
36, 148, 65, 18, BUY-
36, 159, 65, 18, BUY-
36, 159, 65, 18, BUY-
36, 170, 65, 18, BUY-
36, 181, 65, 18, BUY-
50, 22, 81, 74, WRITE-
50, 22, 81, 74, WRITE-
50, 34, 81, 74, WRITE-
50, 34, 81, 74, WRITE-
50, 45, 81, 74, WRITE-
50, 45, 81, 74, HOLD-
50, 56, 81, 74, WRITE-
50, 56, 81, 74, HOLD-
50, 67, 81, 74, HOLD-
50, 67, 81, 74, HOLD-
50, 78, 81, 74, HOLD-
50, 78, 81, 74, HOLD-
50, 89, 81, 74, HOLD-
50, 89, 81, 74, HOLD-
50, 100, 81, 74, HOLD-
50, 100, 81, 74, HOLD-
50, 111, 81, 74, HOLD-
50, 111, 81, 74, HOLD-
50, 122, 81, 74, BUY-
50, 122, 81, 74, BUY-
50, 133, 81, 74, BUY-
50, 133, 81, 74, BUY-
50, 144, 81, 74, BUY-
50, 144, 81, 74, BUY-
50, 155, 81, 74, BUY-
50, 166, 81, 74, BUY-
150, 10, 135, 38, WRITE-
150, 10, 135, 38, WRITE-
150, 21, 135, 38, WRITE-
150, 21, 135, 38, WRITE-
150, 32, 135, 38, WRITE-
150, 32, 135, 38, HOLD-
150, 43, 135, 38, WRITE-
150, 43, 135, 38, HOLD-
150, 54, 135, 38, HOLD-
150, 54, 135, 38, HOLD-
150, 65, 135, 38, HOLD-
150, 65, 135, 38, HOLD-
150, 76, 135, 38, HOLD-
150, 76, 135, 38, HOLD-
150, 87, 135, 38, HOLD-
150, 87, 135, 38, HOLD-
150, 98, 135, 38, HOLD-
150, 98, 135, 38, HOLD-
150, 109, 135, 38, BUY-
150, 109, 135, 38, BUY-
150, 120, 135, 38, BUY-
150, 120, 135, 38, BUY-
150, 131, 135, 38, BUY-
150, 131, 135, 38, BUY-
150, 142, 135, 38, BUY-
150, 153, 135, 38, BUY-
121, 13, 122, 59, WRITE-
121, 13, 122, 59, WRITE-
121, 24, 122, 59, WRITE-
121, 24, 122, 59, WRITE-
121, 35, 122, 59, WRITE-
121, 35, 122, 59, HOLD-
121, 46, 122, 59, WRITE-
121, 46, 122, 59, HOLD-
121, 57, 122, 59, HOLD-
121, 57, 122, 59, HOLD-
121, 68, 122, 59, HOLD-
121, 68, 122, 59, HOLD-
121, 80, 122, 59, HOLD-
121, 80, 122, 59, HOLD-
121, 91, 122, 59, HOLD-
121, 91, 122, 59, HOLD-
121, 102, 122, 59, HOLD-
121, 102, 122, 59, HOLD-
121, 113, 122, 59, BUY-
121, 113, 122, 59, BUY-
121, 124, 122, 59, BUY-
121, 124, 122, 59, BUY-
121, 135, 122, 59, BUY-
121, 135, 122, 59, BUY-
121, 146, 122, 59, BUY-
121, 157, 122, 59, BUY-
199, 12, 120, 38, WRITE-
199, 12, 120, 38, WRITE-
199, 23, 120, 38, WRITE-
199, 23, 120, 38, WRITE-
199, 34, 120, 38, WRITE-
199, 34, 120, 38, HOLD-
199, 45, 120, 38, WRITE-
199, 45, 120, 38, HOLD-
199, 56, 120, 38, HOLD-
199, 56, 120, 38, HOLD-
199, 67, 120, 38, HOLD-
199, 67, 120, 38, HOLD-
199, 78, 120, 38, HOLD-
199, 78, 120, 38, HOLD-
199, 89, 120, 38, HOLD-
199, 89, 120, 38, HOLD-
199, 100, 120, 38, HOLD-
199, 100, 120, 38, HOLD-
199, 111, 120, 38, BUY-
199, 111, 120, 38, BUY-
199, 122, 120, 38, BUY-
199, 122, 120, 38, BUY-
199, 133, 120, 38, BUY-
199, 145, 120, 38, BUY-
199, 156, 120, 38, BUY-
191, 23, 117, 69, WRITE-
191, 23, 117, 69, WRITE-
191, 34, 117, 69, WRITE-
191, 34, 117, 69, WRITE-
191, 45, 117, 69, WRITE-
191, 45, 117, 69, HOLD-
191, 56, 117, 69, WRITE-
191, 56, 117, 69, HOLD-
191, 67, 117, 69, HOLD-
191, 67, 117, 69, HOLD-
191, 78, 117, 69, HOLD-
191, 78, 117, 69, HOLD-
191, 89, 117, 69, HOLD-
191, 89, 117, 69, HOLD-
191, 101, 117, 69, HOLD-
191, 101, 117, 69, HOLD-
191, 112, 117, 69, BUY-
191, 112, 117, 69, BUY-
191, 123, 117, 69, BUY-
191, 123, 117, 69, BUY-
191, 134, 117, 69, BUY-
191, 134, 117, 69, BUY-
191, 145, 117, 69, BUY-
191, 156, 117, 69, BUY-
102, 33, 159, 81, WRITE-
102, 33, 159, 81, WRITE-
102, 44, 159, 81, WRITE-
102, 44, 159, 81, WRITE-
102, 55, 159, 81, WRITE-
102, 55, 159, 81, HOLD-
102, 66, 159, 81, WRITE-
102, 66, 159, 81, HOLD-
102, 77, 159, 81, HOLD-
102, 77, 159, 81, HOLD-
102, 88, 159, 81, HOLD-
102, 88, 159, 81, HOLD-
102, 99, 159, 81, HOLD-
102, 99, 159, 81, HOLD-
102, 110, 159, 81, BUY-
102, 110, 159, 81, BUY-
102, 121, 159, 81, BUY-
102, 121, 159, 81, BUY-
102, 132, 159, 81, BUY-
102, 132, 159, 81, BUY-
102, 143, 159, 81, BUY-
102, 154, 159, 81, BUY-
102, 165, 159, 81, BUY-
113, 29, 110, 72, WRITE-
113, 29, 110, 72, WRITE-
113, 40, 110, 72, WRITE-
113, 40, 110, 72, WRITE-
113, 51, 110, 72, WRITE-
113, 51, 110, 72, HOLD-
113, 62, 110, 72, WRITE-
113, 62, 110, 72, HOLD-
113, 73, 110, 72, WRITE-
113, 73, 110, 72, HOLD-
113, 84, 110, 72, HOLD-
113, 84, 110, 72, HOLD-
113, 95, 110, 72, HOLD-
113, 95, 110, 72, HOLD-
113, 106, 110, 72, BUY-
113, 106, 110, 72, BUY-
113, 117, 110, 72, BUY-
113, 117, 110, 72, BUY-
113, 128, 110, 72, BUY-
113, 128, 110, 72, BUY-
113, 139, 110, 72, BUY-
113, 150, 110, 72, BUY-
113, 161, 110, 72, BUY-
141, 27, 167, 49, WRITE-
141, 27, 167, 49, WRITE-
141, 38, 167, 49, WRITE-
141, 38, 167, 49, WRITE-
141, 49, 167, 49, WRITE-
141, 49, 167, 49, HOLD-
141, 60, 167, 49, WRITE-
141, 60, 167, 49, HOLD-
141, 71, 167, 49, WRITE-
141, 71, 167, 49, HOLD-
141, 82, 167, 49, HOLD-
141, 82, 167, 49, HOLD-
141, 93, 167, 49, HOLD-
141, 93, 167, 49, HOLD-
141, 104, 167, 49, BUY-
141, 104, 167, 49, BUY-
141, 115, 167, 49, BUY-
141, 115, 167, 49, BUY-
141, 126, 167, 49, BUY-
141, 126, 167, 49, BUY-
141, 137, 167, 49, BUY-
141, 148, 167, 49, BUY-
141, 159, 167, 49, BUY-
105, 29, 154, 25, WRITE-
105, 29, 154, 25, WRITE-
105, 40, 154, 25, WRITE-
105, 40, 154, 25, WRITE-
105, 51, 154, 25, WRITE-
105, 51, 154, 25, HOLD-
105, 62, 154, 25, WRITE-
105, 62, 154, 25, HOLD-
105, 73, 154, 25, WRITE-
105, 73, 154, 25, HOLD-
105, 84, 154, 25, HOLD-
105, 84, 154, 25, HOLD-
105, 95, 154, 25, HOLD-
105, 95, 154, 25, HOLD-
105, 106, 154, 25, BUY-
105, 106, 154, 25, BUY-
105, 117, 154, 25, BUY-
105, 117, 154, 25, BUY-
105, 128, 154, 25, BUY-
105, 128, 154, 25, BUY-
105, 139, 154, 25, BUY-
105, 150, 154, 25, BUY-
105, 161, 154, 25, BUY-
169, 25, 169, 74, WRITE-
169, 25, 169, 74, WRITE-
169, 36, 169, 74, WRITE-
169, 36, 169, 74, WRITE-
169, 47, 169, 74, WRITE-
169, 47, 169, 74, HOLD-
169, 58, 169, 74, WRITE-
169, 58, 169, 74, HOLD-
169, 69, 169, 74, WRITE-
169, 69, 169, 74, HOLD-
169, 80, 169, 74, HOLD-
169, 80, 169, 74, HOLD-
169, 91, 169, 74, HOLD-
169, 91, 169, 74, HOLD-
169, 102, 169, 74, BUY-
169, 102, 169, 74, BUY-
169, 113, 169, 74, BUY-
169, 113, 169, 74, BUY-
169, 124, 169, 74, BUY-
169, 124, 169, 74, BUY-
169, 135, 169, 74, BUY-
169, 147, 169, 74, BUY-
169, 158, 169, 74, BUY-
193, 31, 199, 74, WRITE-
193, 31, 199, 34, WRITE-
193, 42, 199, 74, WRITE-
193, 42, 199, 34, WRITE-
193, 53, 199, 74, WRITE-
193, 53, 199, 34, HOLD-
193, 64, 199, 74, WRITE-
193, 64, 199, 34, HOLD-
193, 75, 199, 74, WRITE-
193, 75, 199, 34, HOLD-
193, 87, 199, 74, HOLD-
193, 87, 199, 34, HOLD-
193, 98, 199, 74, HOLD-
193, 98, 199, 34, HOLD-
193, 109, 199, 74, BUY-
193, 109, 199, 34, BUY-
193, 120, 199, 74, BUY-
193, 120, 199, 34, BUY-
193, 131, 199, 74, BUY-
193, 131, 199, 34, BUY-
193, 142, 199, 74, BUY-
193, 153, 199, 74, BUY-
176, 41, 182, 52, WRITE-
176, 52, 182, 52, WRITE-
176, 63, 182, 52, HOLD-
176, 74, 182, 52, HOLD-
176, 85, 182, 52, HOLD-
176, 96, 182, 52, HOLD-
176, 107, 182, 52, HOLD-
176, 118, 182, 52, BUY-
176, 129, 182, 52, BUY-
176, 140, 182, 52, BUY-
88, 48, 62, 74, WRITE-
88, 59, 62, 74, WRITE-
88, 70, 62, 74, HOLD-
88, 81, 62, 74, HOLD-
88, 92, 62, 74, HOLD-
88, 103, 62, 74, HOLD-
88, 114, 62, 74, HOLD-
88, 125, 62, 74, BUY-
88, 137, 62, 74, BUY-
88, 148, 62, 74, BUY-
131, 20, 99, 47, WRITE-
131, 31, 99, 47, WRITE-
131, 42, 99, 47, WRITE-
131, 42, 99, 47, HOLD-
131, 53, 99, 47, WRITE-
131, 53, 99, 47, HOLD-
131, 64, 99, 47, HOLD-
131, 64, 99, 47, HOLD-
131, 75, 99, 47, HOLD-
131, 75, 99, 47, HOLD-
131, 86, 99, 47, HOLD-
131, 86, 99, 47, HOLD-
131, 97, 99, 47, HOLD-
131, 97, 99, 47, HOLD-
131, 108, 99, 47, HOLD-
131, 108, 99, 47, HOLD-
131, 119, 99, 47, BUY-
131, 119, 99, 47, BUY-
131, 130, 99, 47, BUY-
131, 130, 99, 47, BUY-
131, 141, 99, 47, BUY-
131, 141, 99, 47, BUY-
135, 20, 157, 43, WRITE-
135, 31, 157, 43, WRITE-
135, 42, 157, 43, WRITE-
135, 42, 157, 43, HOLD-
135, 54, 157, 43, WRITE-
135, 54, 157, 43, HOLD-
135, 65, 157, 43, HOLD-
135, 65, 157, 43, HOLD-
135, 76, 157, 43, HOLD-
135, 76, 157, 43, HOLD-
135, 87, 157, 43, HOLD-
135, 87, 157, 43, HOLD-
135, 98, 157, 43, HOLD-
135, 98, 157, 43, HOLD-
135, 109, 157, 43, HOLD-
135, 109, 157, 43, HOLD-
135, 120, 157, 43, BUY-
135, 120, 157, 43, BUY-
135, 131, 157, 43, BUY-
135, 131, 157, 43, BUY-
135, 142, 157, 43, BUY-
135, 142, 157, 43, BUY-
103, 21, 116, 28, WRITE-
103, 32, 116, 28, WRITE-
103, 43, 116, 28, WRITE-
103, 43, 116, 28, HOLD-
103, 55, 116, 28, WRITE-
103, 55, 116, 28, HOLD-
103, 66, 116, 28, HOLD-
103, 66, 116, 28, HOLD-
103, 77, 116, 28, HOLD-
103, 77, 116, 28, HOLD-
103, 88, 116, 28, HOLD-
103, 88, 116, 28, HOLD-
103, 99, 116, 28, HOLD-
103, 99, 116, 28, HOLD-
103, 110, 116, 28, HOLD-
103, 110, 116, 28, HOLD-
103, 121, 116, 28, BUY-
103, 121, 116, 28, BUY-
103, 132, 116, 28, BUY-
103, 132, 116, 28, BUY-
103, 143, 116, 28, BUY-
103, 143, 116, 28, BUY-
128, 18, 136, 73, WRITE-
128, 29, 136, 73, WRITE-
128, 40, 136, 73, WRITE-
128, 40, 136, 73, HOLD-
128, 51, 136, 73, WRITE-
128, 51, 136, 73, HOLD-
128, 62, 136, 73, HOLD-
128, 62, 136, 73, HOLD-
128, 73, 136, 73, HOLD-
128, 73, 136, 73, HOLD-
128, 84, 136, 73, HOLD-
128, 84, 136, 73, HOLD-
128, 95, 136, 73, HOLD-
128, 95, 136, 73, HOLD-
128, 106, 136, 73, HOLD-
128, 106, 136, 73, HOLD-
128, 117, 136, 73, BUY-
128, 117, 136, 73, BUY-
128, 128, 136, 73, BUY-
128, 128, 136, 73, BUY-
128, 139, 136, 73, BUY-
128, 139, 136, 73, BUY-
125, 18, 173, 59, WRITE-
125, 29, 173, 59, WRITE-
125, 40, 173, 59, WRITE-
125, 40, 173, 59, HOLD-
125, 51, 173, 59, WRITE-
125, 51, 173, 59, HOLD-
125, 62, 173, 59, HOLD-
125, 62, 173, 59, HOLD-
125, 73, 173, 59, HOLD-
125, 73, 173, 59, HOLD-
125, 84, 173, 59, HOLD-
125, 84, 173, 59, HOLD-
125, 95, 173, 59, HOLD-
125, 95, 173, 59, HOLD-
125, 106, 173, 59, HOLD-
125, 106, 173, 59, HOLD-
125, 117, 173, 59, BUY-
125, 117, 173, 59, BUY-
125, 128, 173, 59, BUY-
125, 128, 173, 59, BUY-
125, 139, 173, 59, BUY-
125, 139, 173, 59, BUY-
93, 17, 102, 22, WRITE-
93, 28, 102, 22, WRITE-
93, 39, 102, 22, WRITE-
93, 39, 102, 22, HOLD-
93, 50, 102, 22, WRITE-
93, 50, 102, 22, HOLD-
93, 61, 102, 22, HOLD-
93, 61, 102, 22, HOLD-
93, 72, 102, 22, HOLD-
93, 72, 102, 22, HOLD-
93, 83, 102, 22, HOLD-
93, 83, 102, 22, HOLD-
93, 94, 102, 22, HOLD-
93, 94, 102, 22, HOLD-
93, 105, 102, 22, HOLD-
93, 105, 102, 22, HOLD-
93, 117, 102, 22, BUY-
93, 117, 102, 22, BUY-
93, 128, 102, 22, BUY-
93, 128, 102, 22, BUY-
93, 139, 102, 22, BUY-
93, 139, 102, 22, BUY-
207, 12, 182, 26, WRITE-
207, 23, 182, 26, WRITE-
207, 34, 182, 26, WRITE-
207, 34, 182, 26, HOLD-
207, 45, 182, 26, WRITE-
207, 45, 182, 26, HOLD-
207, 56, 182, 26, HOLD-
207, 56, 182, 26, HOLD-
207, 67, 182, 26, HOLD-
207, 67, 182, 26, HOLD-
207, 78, 182, 26, HOLD-
207, 78, 182, 26, HOLD-
207, 89, 182, 26, HOLD-
207, 89, 182, 26, HOLD-
207, 100, 182, 26, HOLD-
207, 100, 182, 26, HOLD-
207, 111, 182, 26, BUY-
207, 111, 182, 26, BUY-
207, 122, 182, 26, BUY-
207, 122, 182, 26, BUY-
207, 133, 182, 26, BUY-
207, 133, 182, 26, BUY-
204, 23, 209, 69, WRITE-
204, 34, 209, 69, WRITE-
204, 45, 209, 69, WRITE-
204, 45, 209, 69, HOLD-
204, 57, 209, 69, WRITE-
204, 57, 209, 69, HOLD-
204, 68, 209, 69, HOLD-
204, 68, 209, 69, HOLD-
204, 79, 209, 69, HOLD-
204, 79, 209, 69, HOLD-
204, 90, 209, 69, HOLD-
204, 90, 209, 69, HOLD-
204, 101, 209, 69, HOLD-
204, 101, 209, 69, HOLD-
204, 112, 209, 69, HOLD-
204, 112, 209, 69, HOLD-
204, 123, 209, 69, BUY-
204, 123, 209, 69, BUY-
204, 134, 209, 69, BUY-
204, 134, 209, 69, BUY-
204, 145, 209, 69, BUY-
204, 145, 209, 69, BUY-
127, 34, 108, 79, WRITE-
127, 45, 108, 79, WRITE-
127, 57, 108, 79, WRITE-
127, 57, 108, 79, HOLD-
127, 68, 108, 79, WRITE-
127, 68, 108, 79, HOLD-
127, 79, 108, 79, HOLD-
127, 79, 108, 79, HOLD-
127, 90, 108, 79, HOLD-
127, 90, 108, 79, HOLD-
127, 101, 108, 79, HOLD-
127, 101, 108, 79, HOLD-
127, 112, 108, 79, HOLD-
127, 112, 108, 79, HOLD-
127, 123, 108, 79, HOLD-
127, 123, 108, 79, HOLD-
127, 134, 108, 79, BUY-
127, 134, 108, 79, BUY-
127, 145, 108, 79, BUY-
127, 145, 108, 79, BUY-
127, 156, 108, 79, BUY-
127, 156, 108, 79, BUY-
116, 34, 104, 33, WRITE-
116, 45, 104, 33, WRITE-
116, 56, 104, 33, HOLD-
116, 67, 104, 33, WRITE-
116, 67, 104, 33, HOLD-
116, 78, 104, 33, WRITE-
116, 78, 104, 33, HOLD-
116, 89, 104, 33, HOLD-
116, 89, 104, 33, HOLD-
116, 100, 104, 33, HOLD-
116, 100, 104, 33, HOLD-
116, 112, 104, 33, HOLD-
116, 112, 104, 33, HOLD-
116, 123, 104, 33, HOLD-
116, 123, 104, 33, HOLD-
116, 134, 104, 33, BUY-
116, 134, 104, 33, BUY-
116, 145, 104, 33, BUY-
116, 145, 104, 33, BUY-
116, 156, 104, 33, BUY-
116, 156, 104, 33, BUY-
106, 32, 97, 78, WRITE-
106, 43, 97, 78, WRITE-
106, 54, 97, 78, HOLD-
106, 66, 97, 78, WRITE-
106, 66, 97, 78, HOLD-
106, 77, 97, 78, WRITE-
106, 77, 97, 78, HOLD-
106, 88, 97, 78, HOLD-
106, 88, 97, 78, HOLD-
106, 99, 97, 78, HOLD-
106, 99, 97, 78, HOLD-
106, 110, 97, 78, HOLD-
106, 110, 97, 78, HOLD-
106, 121, 97, 78, HOLD-
106, 121, 97, 78, HOLD-
106, 132, 97, 78, BUY-
106, 132, 97, 78, BUY-
106, 143, 97, 78, BUY-
106, 143, 97, 78, BUY-
106, 154, 97, 78, BUY-
106, 154, 97, 78, BUY-
68, 29, 63, 49, WRITE-
68, 40, 63, 49, WRITE-
68, 51, 63, 49, HOLD-
68, 62, 63, 49, WRITE-
68, 62, 63, 49, HOLD-
68, 73, 63, 49, WRITE-
68, 73, 63, 49, HOLD-
68, 84, 63, 49, HOLD-
68, 84, 63, 49, HOLD-
68, 95, 63, 49, HOLD-
68, 95, 63, 49, HOLD-
68, 106, 63, 49, HOLD-
68, 106, 63, 49, HOLD-
68, 117, 63, 49, HOLD-
68, 117, 63, 49, HOLD-
68, 128, 63, 49, BUY-
68, 128, 63, 49, BUY-
68, 140, 63, 49, BUY-
68, 140, 63, 49, BUY-
68, 151, 63, 49, BUY-
68, 151, 63, 49, BUY-
114, 20, 100, 68, WRITE-
114, 31, 100, 68, WRITE-
114, 42, 100, 68, HOLD-
114, 53, 100, 68, HOLD-
114, 64, 100, 68, WRITE-
114, 64, 100, 68, HOLD-
114, 75, 100, 68, WRITE-
114, 75, 100, 68, HOLD-
114, 86, 100, 68, HOLD-
114, 86, 100, 68, HOLD-
114, 97, 100, 68, HOLD-
114, 97, 100, 68, HOLD-
114, 108, 100, 68, HOLD-
114, 108, 100, 68, HOLD-
114, 119, 100, 68, BUY-
114, 119, 100, 68, BUY-
114, 130, 100, 68, BUY-
114, 130, 100, 68, BUY-
114, 141, 100, 68, BUY-
114, 141, 100, 68, BUY-
98, 18, 105, 34, WRITE-
98, 29, 105, 34, WRITE-
98, 40, 105, 34, HOLD-
98, 51, 105, 34, HOLD-
98, 62, 105, 34, WRITE-
98, 62, 105, 34, HOLD-
98, 73, 105, 34, WRITE-
98, 73, 105, 34, HOLD-
98, 84, 105, 34, HOLD-
98, 84, 105, 34, HOLD-
98, 95, 105, 34, HOLD-
98, 95, 105, 34, HOLD-
98, 106, 105, 34, HOLD-
98, 106, 105, 34, HOLD-
98, 117, 105, 34, BUY-
98, 117, 105, 34, BUY-
98, 128, 105, 34, BUY-
98, 128, 105, 34, BUY-
98, 139, 105, 34, BUY-
98, 139, 105, 34, BUY-
63, 13, 77, 40, WRITE-
63, 24, 77, 40, WRITE-
63, 35, 77, 40, HOLD-
63, 46, 77, 40, HOLD-
63, 58, 77, 40, WRITE-
63, 58, 77, 40, HOLD-
63, 69, 77, 40, WRITE-
63, 69, 77, 40, HOLD-
63, 80, 77, 40, HOLD-
63, 80, 77, 40, HOLD-
63, 91, 77, 40, HOLD-
63, 91, 77, 40, HOLD-
63, 102, 77, 40, HOLD-
63, 102, 77, 40, HOLD-
63, 113, 77, 40, BUY-
63, 113, 77, 40, BUY-
63, 124, 77, 40, BUY-
63, 124, 77, 40, BUY-
63, 135, 77, 40, BUY-
63, 135, 77, 40, BUY-
109, 3, 104, 62, WRITE-
109, 14, 104, 62, WRITE-
109, 25, 104, 62, HOLD-
109, 36, 104, 62, HOLD-
109, 47, 104, 62, HOLD-
109, 58, 104, 62, HOLD-
109, 69, 104, 62, WRITE-
109, 69, 104, 62, HOLD-
109, 80, 104, 62, WRITE-
109, 80, 104, 62, HOLD-
109, 91, 104, 62, HOLD-
109, 91, 104, 62, HOLD-
109, 102, 104, 62, BUY-
109, 102, 104, 62, BUY-
109, 114, 104, 62, BUY-
109, 114, 104, 62, BUY-
109, 125, 104, 62, BUY-
109, 125, 104, 62, BUY-
209, 0, 193, 25, WRITE-
209, 11, 193, 25, WRITE-
209, 22, 193, 25, HOLD-
209, 33, 193, 25, HOLD-
209, 44, 193, 25, HOLD-
209, 55, 193, 25, HOLD-
209, 66, 193, 62, WRITE-
209, 66, 193, 25, HOLD-
209, 77, 193, 62, WRITE-
209, 77, 193, 25, HOLD-
209, 88, 193, 62, HOLD-
209, 88, 193, 25, HOLD-
209, 99, 193, 62, BUY-
209, 99, 193, 25, BUY-
209, 110, 193, 62, BUY-
209, 110, 193, 25, BUY-
209, 122, 193, 62, BUY-
209, 122, 193, 25, BUY-
159, 12, 186, 114, WRITE-
159, 23, 186, 114, WRITE-
159, 34, 186, 114, HOLD-
159, 46, 186, 114, HOLD-
159, 57, 186, 114, HOLD-
159, 68, 186, 114, HOLD-
159, 79, 186, 114, HOLD-
159, 90, 186, 114, HOLD-
159, 101, 186, 114, HOLD-
159, 112, 186, 114, BUY-
159, 123, 186, 114, BUY-
252, 17, 216, 0, WRITE-
252, 28, 216, 0, WRITE-
252, 39, 216, 0, HOLD-
252, 50, 216, 0, HOLD-
252, 61, 216, 0, HOLD-
252, 72, 216, 0, HOLD-
252, 83, 216, 0, HOLD-
252, 94, 216, 0, HOLD-
252, 105, 216, 0, BUY-
252, 116, 216, 0, BUY-
181, 35, 141, 255, WRITE-
181, 46, 141, 255, WRITE-
181, 46, 141, 255, WRITE-
181, 57, 141, 255, HOLD-
181, 57, 141, 255, HOLD-
181, 68, 141, 255, HOLD-
181, 68, 141, 255, HOLD-
181, 79, 141, 255, HOLD-
181, 79, 141, 255, HOLD-
181, 90, 141, 255, HOLD-
181, 90, 141, 255, HOLD-
181, 101, 141, 255, HOLD-
181, 101, 141, 255, HOLD-
181, 112, 141, 255, HOLD-
181, 112, 141, 255, HOLD-
181, 123, 141, 255, BUY-
181, 123, 141, 255, BUY-
181, 134, 141, 255, BUY-
181, 134, 141, 255, BUY-
196, 43, 147, 44, WRITE-
196, 54, 147, 44, WRITE-
196, 54, 147, 44, WRITE-
196, 65, 147, 44, HOLD-
196, 65, 147, 44, HOLD-
196, 76, 147, 44, HOLD-
196, 76, 147, 44, HOLD-
196, 87, 147, 44, HOLD-
196, 87, 147, 44, HOLD-
196, 98, 147, 44, HOLD-
196, 98, 147, 44, HOLD-
196, 109, 147, 44, HOLD-
196, 109, 147, 44, HOLD-
196, 120, 147, 44, BUY-
196, 120, 147, 44, HOLD-
196, 131, 147, 44, BUY-
196, 131, 147, 44, BUY-
196, 142, 147, 44, BUY-
191, 52, 118, 61, WRITE-
191, 63, 118, 61, WRITE-
191, 63, 118, 61, WRITE-
191, 74, 118, 61, HOLD-
191, 74, 118, 61, HOLD-
191, 85, 118, 61, HOLD-
191, 85, 118, 61, HOLD-
191, 96, 118, 61, HOLD-
191, 96, 118, 61, HOLD-
191, 107, 118, 61, HOLD-
191, 107, 118, 61, HOLD-
191, 118, 118, 61, HOLD-
191, 118, 118, 61, HOLD-
191, 129, 118, 61, BUY-
191, 129, 118, 61, HOLD-
191, 140, 118, 61, BUY-
191, 140, 118, 61, BUY-
191, 151, 118, 61, BUY-
97, 61, 91, 35, WRITE-
97, 72, 91, 35, WRITE-
97, 72, 91, 35, WRITE-
97, 83, 91, 35, HOLD-
97, 83, 91, 35, HOLD-
97, 94, 91, 35, HOLD-
97, 94, 91, 35, HOLD-
97, 105, 91, 35, HOLD-
97, 105, 91, 35, HOLD-
97, 116, 91, 35, HOLD-
97, 116, 91, 35, HOLD-
97, 127, 91, 35, HOLD-
97, 127, 91, 35, HOLD-
97, 138, 91, 35, BUY-
97, 138, 91, 35, HOLD-
97, 149, 91, 35, BUY-
97, 149, 91, 35, BUY-
97, 160, 91, 35, BUY-
64, 56, 75, 19, WRITE-
64, 67, 75, 19, WRITE-
64, 67, 75, 19, WRITE-
64, 78, 75, 19, WRITE-
64, 78, 75, 19, WRITE-
64, 89, 75, 19, HOLD-
64, 89, 75, 19, HOLD-
64, 100, 75, 19, HOLD-
64, 100, 75, 19, HOLD-
64, 112, 75, 19, HOLD-
64, 112, 75, 19, HOLD-
64, 123, 75, 19, HOLD-
64, 123, 75, 19, HOLD-
64, 134, 75, 19, BUY-
64, 134, 75, 19, HOLD-
64, 145, 75, 19, BUY-
64, 145, 75, 19, BUY-
64, 156, 75, 19, BUY-
74, 47, 111, 72, WRITE-
74, 58, 111, 72, WRITE-
74, 58, 111, 72, WRITE-
74, 69, 111, 72, WRITE-
74, 69, 111, 72, WRITE-
74, 80, 111, 72, HOLD-
74, 80, 111, 72, HOLD-
74, 91, 111, 72, HOLD-
74, 91, 111, 72, HOLD-
74, 102, 111, 72, HOLD-
74, 102, 111, 72, HOLD-
74, 113, 111, 72, HOLD-
74, 113, 111, 72, HOLD-
74, 125, 111, 72, BUY-
74, 125, 111, 72, HOLD-
74, 136, 111, 72, BUY-
74, 136, 111, 72, BUY-
74, 147, 111, 72, BUY-
116, 39, 124, 39, WRITE-
116, 50, 124, 39, WRITE-
116, 50, 124, 39, WRITE-
116, 61, 124, 39, WRITE-
116, 61, 124, 39, WRITE-
116, 73, 124, 39, HOLD-
116, 73, 124, 39, HOLD-
116, 84, 124, 39, HOLD-
116, 84, 124, 39, HOLD-
116, 95, 124, 39, HOLD-
116, 95, 124, 39, HOLD-
116, 106, 124, 39, HOLD-
116, 106, 124, 39, HOLD-
116, 117, 124, 39, BUY-
116, 117, 124, 39, HOLD-
116, 128, 124, 39, BUY-
116, 128, 124, 39, BUY-
116, 139, 124, 39, BUY-
89, 38, 67, 72, WRITE-
89, 49, 67, 72, WRITE-
89, 49, 67, 72, WRITE-
89, 60, 67, 72, WRITE-
89, 60, 67, 72, WRITE-
89, 71, 67, 72, HOLD-
89, 71, 67, 72, HOLD-
89, 82, 67, 72, HOLD-
89, 82, 67, 72, HOLD-
89, 93, 67, 72, HOLD-
89, 93, 67, 72, HOLD-
89, 104, 67, 72, HOLD-
89, 104, 67, 72, HOLD-
89, 115, 67, 72, BUY-
89, 115, 67, 72, HOLD-
89, 126, 67, 72, BUY-
89, 126, 67, 72, BUY-
89, 137, 67, 72, BUY-
156, 32, 147, 71, WRITE-
156, 43, 147, 71, WRITE-
156, 43, 147, 71, WRITE-
156, 54, 147, 71, WRITE-
156, 54, 147, 71, WRITE-
156, 65, 147, 71, HOLD-
156, 65, 147, 71, HOLD-
156, 76, 147, 71, HOLD-
156, 76, 147, 71, HOLD-
156, 87, 147, 71, HOLD-
156, 87, 147, 71, HOLD-
156, 98, 147, 71, HOLD-
156, 98, 147, 71, HOLD-
156, 109, 147, 71, BUY-
156, 109, 147, 71, HOLD-
156, 120, 147, 71, BUY-
156, 120, 147, 71, BUY-
156, 131, 147, 71, BUY-
132, 36, 155, 54, WRITE-
132, 47, 155, 54, WRITE-
132, 47, 155, 54, WRITE-
132, 58, 155, 54, WRITE-
132, 58, 155, 54, WRITE-
132, 69, 155, 54, HOLD-
132, 69, 155, 54, HOLD-
132, 80, 155, 54, HOLD-
132, 80, 155, 54, HOLD-
132, 91, 155, 54, HOLD-
132, 91, 155, 54, HOLD-
132, 102, 155, 54, BUY-
132, 102, 155, 54, HOLD-
132, 113, 155, 54, BUY-
132, 113, 155, 54, HOLD-
132, 124, 155, 54, BUY-
132, 124, 155, 54, BUY-
132, 135, 155, 54, BUY-
173, 36, 164, 17, WRITE-
173, 47, 164, 17, WRITE-
173, 47, 164, 17, WRITE-
173, 58, 164, 17, WRITE-
173, 58, 164, 17, WRITE-
173, 70, 164, 17, HOLD-
173, 70, 164, 17, HOLD-
173, 81, 164, 17, HOLD-
173, 81, 164, 17, HOLD-
173, 92, 164, 17, HOLD-
173, 92, 164, 17, HOLD-
173, 103, 164, 17, BUY-
173, 103, 164, 17, HOLD-
173, 114, 164, 17, BUY-
173, 114, 164, 17, HOLD-
173, 125, 164, 17, BUY-
173, 125, 164, 17, BUY-
173, 136, 164, 17, BUY-
181, 43, 180, 94, WRITE-
181, 54, 180, 94, WRITE-
181, 54, 180, 94, WRITE-
181, 65, 180, 94, WRITE-
181, 65, 180, 94, WRITE-
181, 76, 180, 94, HOLD-
181, 76, 180, 94, HOLD-
181, 87, 180, 94, HOLD-
181, 87, 180, 94, HOLD-
181, 98, 180, 94, HOLD-
181, 98, 180, 94, HOLD-
181, 109, 180, 94, BUY-
181, 109, 180, 94, HOLD-
181, 120, 180, 94, BUY-
181, 120, 180, 94, HOLD-
181, 131, 180, 94, BUY-
181, 131, 180, 94, BUY-
181, 142, 180, 94, BUY-
115, 50, 144, 59, WRITE-
115, 61, 144, 59, WRITE-
115, 61, 144, 59, WRITE-
115, 72, 144, 59, WRITE-
115, 72, 144, 59, WRITE-
115, 83, 144, 59, HOLD-
115, 83, 144, 59, HOLD-
115, 94, 144, 59, HOLD-
115, 94, 144, 59, HOLD-
115, 105, 144, 59, HOLD-
115, 105, 144, 59, HOLD-
115, 116, 144, 59, BUY-
115, 116, 144, 59, HOLD-
115, 127, 144, 59, BUY-
115, 127, 144, 59, HOLD-
115, 138, 144, 59, BUY-
115, 150, 144, 59, BUY-
81, 48, 122, 23, WRITE-
81, 59, 122, 23, WRITE-
81, 59, 122, 23, WRITE-
81, 70, 122, 23, WRITE-
81, 70, 122, 23, WRITE-
81, 81, 122, 23, HOLD-
81, 81, 122, 23, HOLD-
81, 92, 122, 23, HOLD-
81, 92, 122, 23, HOLD-
81, 104, 122, 23, HOLD-
81, 104, 122, 23, HOLD-
81, 115, 122, 23, BUY-
81, 115, 122, 23, HOLD-
81, 126, 122, 23, BUY-
81, 126, 122, 23, HOLD-
81, 137, 122, 23, BUY-
81, 148, 122, 23, BUY-
128, 42, 159, 81, WRITE-
128, 53, 159, 81, WRITE-
128, 53, 159, 81, WRITE-
128, 64, 159, 81, WRITE-
128, 64, 159, 81, WRITE-
128, 75, 159, 81, HOLD-
128, 75, 159, 81, HOLD-
128, 86, 159, 81, HOLD-
128, 86, 159, 81, HOLD-
128, 97, 159, 81, HOLD-
128, 97, 159, 81, HOLD-
128, 108, 159, 81, BUY-
128, 108, 159, 81, HOLD-
128, 119, 159, 81, BUY-
128, 119, 159, 81, HOLD-
128, 130, 159, 81, BUY-
128, 141, 159, 81, BUY-
162, 42, 119, 44, WRITE-
162, 53, 119, 44, WRITE-
162, 53, 119, 44, WRITE-
162, 64, 119, 44, WRITE-
162, 64, 119, 44, WRITE-
162, 75, 119, 44, HOLD-
162, 75, 119, 44, HOLD-
162, 86, 119, 44, HOLD-
162, 86, 119, 44, HOLD-
162, 97, 119, 44, HOLD-
162, 97, 119, 44, HOLD-
162, 108, 119, 44, BUY-
162, 108, 119, 44, HOLD-
162, 119, 119, 44, BUY-
162, 119, 119, 44, HOLD-
162, 130, 119, 44, BUY-
162, 141, 119, 44, BUY-
141, 46, 126, 47, WRITE-
141, 57, 126, 47, WRITE-
141, 57, 126, 47, WRITE-
141, 69, 126, 47, WRITE-
141, 69, 126, 47, WRITE-
141, 80, 126, 47, HOLD-
141, 80, 126, 47, HOLD-
141, 91, 126, 47, HOLD-
141, 91, 126, 47, HOLD-
141, 102, 126, 47, HOLD-
141, 102, 126, 47, HOLD-
141, 113, 126, 47, BUY-
141, 113, 126, 47, HOLD-
141, 124, 126, 47, BUY-
141, 124, 126, 47, HOLD-
141, 135, 126, 47, BUY-
141, 146, 126, 47, BUY-
174, 48, 178, 31, WRITE-
174, 59, 178, 31, WRITE-
174, 59, 178, 31, WRITE-
174, 70, 178, 31, WRITE-
174, 70, 178, 31, WRITE-
174, 81, 178, 31, HOLD-
174, 81, 178, 31, HOLD-
174, 92, 178, 31, HOLD-
174, 92, 178, 31, HOLD-
174, 103, 178, 31, HOLD-
174, 103, 178, 31, HOLD-
174, 114, 178, 31, BUY-
174, 114, 178, 31, HOLD-
174, 126, 178, 31, BUY-
174, 126, 178, 31, HOLD-
174, 137, 178, 31, BUY-
174, 148, 178, 31, BUY-
89, 54, 91, 77, WRITE-
89, 66, 91, 77, WRITE-
89, 66, 91, 77, WRITE-
89, 77, 91, 77, WRITE-
89, 77, 91, 77, WRITE-
89, 88, 91, 77, HOLD-
89, 88, 91, 77, HOLD-
89, 99, 91, 77, HOLD-
89, 99, 91, 77, HOLD-
89, 110, 91, 77, HOLD-
89, 110, 91, 77, HOLD-
89, 121, 91, 77, BUY-
89, 121, 91, 77, HOLD-
89, 132, 91, 77, BUY-
89, 132, 91, 77, HOLD-
89, 143, 91, 77, BUY-
89, 154, 91, 77, BUY-
132, 60, 149, 56, WRITE-
132, 60, 149, 56, WRITE-
132, 71, 149, 56, WRITE-
132, 71, 149, 56, WRITE-
132, 82, 149, 56, HOLD-
132, 82, 149, 56, HOLD-
132, 93, 149, 56, HOLD-
132, 93, 149, 56, HOLD-
132, 104, 149, 56, HOLD-
132, 104, 149, 56, HOLD-
132, 115, 149, 56, BUY-
132, 115, 149, 56, HOLD-
132, 126, 149, 56, BUY-
132, 126, 149, 56, HOLD-
132, 137, 149, 56, BUY-
132, 148, 149, 56, BUY-
124, 28, 138, 36, WRITE-
124, 39, 138, 36, WRITE-
124, 50, 138, 36, WRITE-
124, 61, 138, 36, WRITE-
124, 61, 138, 36, WRITE-
124, 61, 138, 36, WRITE-
124, 72, 138, 36, WRITE-
124, 72, 138, 36, WRITE-
124, 72, 138, 36, WRITE-
124, 83, 138, 36, HOLD-
124, 83, 138, 36, HOLD-
124, 83, 138, 36, HOLD-
124, 94, 138, 36, HOLD-
124, 94, 138, 36, HOLD-
124, 94, 138, 36, HOLD-
124, 105, 138, 36, HOLD-
124, 105, 138, 36, HOLD-
124, 105, 138, 36, HOLD-
124, 116, 138, 36, BUY-
124, 116, 138, 36, HOLD-
124, 116, 138, 36, HOLD-
124, 127, 138, 36, BUY-
124, 127, 138, 36, HOLD-
124, 127, 138, 36, HOLD-
124, 138, 138, 36, BUY-
124, 138, 138, 36, HOLD-
124, 149, 138, 36, BUY-
124, 149, 138, 36, HOLD-
124, 160, 138, 36, HOLD-
124, 171, 138, 36, HOLD-
124, 182, 138, 36, HOLD-
124, 193, 138, 36, HOLD-
124, 204, 138, 36, BUY-
124, 215, 138, 36, BUY-
124, 226, 138, 36, BUY-
124, 237, 138, 36, BUY-
124, 248, 138, 36, BUY-
70, 27, 85, 65, WRITE-
70, 38, 85, 65, WRITE-
70, 49, 85, 65, WRITE-
70, 60, 85, 65, WRITE-
70, 60, 85, 65, WRITE-
70, 60, 85, 65, WRITE-
70, 71, 85, 65, WRITE-
70, 71, 85, 65, WRITE-
70, 71, 85, 65, WRITE-
70, 82, 85, 65, HOLD-
70, 82, 85, 65, HOLD-
70, 82, 85, 65, HOLD-
70, 93, 85, 65, HOLD-
70, 93, 85, 65, HOLD-
70, 93, 85, 65, HOLD-
70, 104, 85, 65, HOLD-
70, 104, 85, 65, HOLD-
70, 104, 85, 65, HOLD-
70, 115, 85, 65, BUY-
70, 115, 85, 65, HOLD-
70, 115, 85, 65, HOLD-
70, 126, 85, 65, BUY-
70, 126, 85, 65, HOLD-
70, 126, 85, 65, HOLD-
70, 137, 85, 65, BUY-
70, 137, 85, 65, HOLD-
70, 149, 85, 65, BUY-
70, 149, 85, 65, HOLD-
70, 160, 85, 65, HOLD-
70, 171, 85, 65, HOLD-
70, 182, 85, 65, HOLD-
70, 193, 85, 65, HOLD-
70, 204, 85, 65, BUY-
70, 215, 85, 65, BUY-
70, 226, 85, 65, BUY-
70, 237, 85, 65, BUY-
70, 248, 85, 65, BUY-
154, 19, 140, 33, WRITE-
154, 30, 140, 33, WRITE-
154, 41, 140, 33, WRITE-
154, 52, 140, 33, WRITE-
154, 52, 140, 33, WRITE-
154, 63, 140, 65, WRITE-
154, 63, 140, 33, WRITE-
154, 63, 140, 33, WRITE-
154, 74, 140, 65, WRITE-
154, 74, 140, 33, HOLD-
154, 74, 140, 33, HOLD-
154, 85, 140, 65, HOLD-
154, 85, 140, 33, HOLD-
154, 85, 140, 33, HOLD-
154, 96, 140, 65, HOLD-
154, 96, 140, 33, HOLD-
154, 96, 140, 33, HOLD-
154, 107, 140, 65, BUY-
154, 107, 140, 33, HOLD-
154, 107, 140, 33, HOLD-
154, 118, 140, 65, BUY-
154, 118, 140, 33, HOLD-
154, 118, 140, 33, HOLD-
154, 129, 140, 33, BUY-
154, 129, 140, 33, HOLD-
154, 140, 140, 33, BUY-
154, 140, 140, 33, HOLD-
154, 151, 140, 33, HOLD-
154, 162, 140, 33, HOLD-
154, 173, 140, 33, HOLD-
154, 184, 140, 33, HOLD-
154, 195, 140, 33, BUY-
154, 206, 140, 33, BUY-
154, 218, 140, 33, BUY-
154, 229, 140, 33, BUY-
154, 240, 140, 33, BUY-
55, 22, 15, 20, WRITE-
55, 33, 15, 20, WRITE-
55, 44, 15, 20, WRITE-
55, 55, 15, 20, WRITE-
55, 55, 15, 20, WRITE-
55, 67, 15, 20, WRITE-
55, 67, 15, 20, WRITE-
55, 78, 15, 20, HOLD-
55, 78, 15, 20, HOLD-
55, 89, 15, 20, HOLD-
55, 89, 15, 20, HOLD-
55, 100, 15, 20, HOLD-
55, 100, 15, 20, HOLD-
55, 111, 15, 20, HOLD-
55, 111, 15, 20, HOLD-
55, 122, 15, 20, HOLD-
55, 122, 15, 20, HOLD-
55, 133, 15, 20, BUY-
55, 133, 15, 20, HOLD-
55, 144, 15, 20, BUY-
55, 144, 15, 20, HOLD-
55, 155, 15, 20, HOLD-
55, 166, 15, 20, HOLD-
55, 177, 15, 20, HOLD-
55, 188, 15, 20, HOLD-
55, 199, 15, 20, BUY-
55, 210, 15, 20, BUY-
55, 221, 15, 20, BUY-
55, 232, 15, 20, BUY-
55, 243, 15, 20, BUY-
165, 12, 154, 72, WRITE-
165, 23, 154, 72, WRITE-
165, 34, 154, 72, WRITE-
165, 45, 154, 72, WRITE-
165, 45, 154, 72, WRITE-
165, 56, 154, 72, WRITE-
165, 56, 154, 72, WRITE-
165, 67, 154, 72, HOLD-
165, 67, 154, 72, HOLD-
165, 78, 154, 72, HOLD-
165, 78, 154, 72, HOLD-
165, 89, 154, 72, HOLD-
165, 89, 154, 72, HOLD-
165, 100, 154, 72, HOLD-
165, 100, 154, 72, HOLD-
165, 111, 154, 72, HOLD-
165, 111, 154, 72, HOLD-
165, 122, 154, 72, BUY-
165, 122, 154, 72, HOLD-
165, 133, 154, 72, BUY-
165, 133, 154, 72, HOLD-
165, 144, 154, 72, HOLD-
165, 155, 154, 72, HOLD-
165, 166, 154, 72, HOLD-
165, 177, 154, 72, HOLD-
165, 188, 154, 72, BUY-
165, 199, 154, 72, BUY-
165, 211, 154, 72, BUY-
165, 222, 154, 72, BUY-
165, 233, 154, 72, BUY-
159, 17, 158, 108, WRITE-
159, 28, 158, 108, WRITE-
159, 39, 158, 108, WRITE-
159, 50, 158, 108, WRITE-
159, 50, 158, 108, WRITE-
159, 61, 158, 108, WRITE-
159, 61, 158, 108, WRITE-
159, 72, 158, 108, HOLD-
159, 72, 158, 108, HOLD-
159, 83, 158, 108, HOLD-
159, 83, 158, 108, HOLD-
159, 94, 158, 108, HOLD-
159, 94, 158, 108, HOLD-
159, 105, 158, 108, HOLD-
159, 105, 158, 108, HOLD-
159, 116, 158, 108, HOLD-
159, 116, 158, 108, HOLD-
159, 127, 158, 108, BUY-
159, 127, 158, 108, HOLD-
159, 138, 158, 108, BUY-
159, 138, 158, 108, HOLD-
159, 149, 158, 108, HOLD-
159, 161, 158, 108, HOLD-
159, 172, 158, 108, HOLD-
159, 183, 158, 108, HOLD-
159, 194, 158, 108, BUY-
159, 205, 158, 108, BUY-
159, 216, 158, 108, BUY-
159, 227, 158, 108, BUY-
159, 238, 158, 108, BUY-
152, 21, 89, 18, WRITE-
152, 32, 89, 18, WRITE-
152, 43, 89, 18, WRITE-
152, 55, 89, 18, WRITE-
152, 55, 89, 18, WRITE-
152, 66, 89, 18, WRITE-
152, 66, 89, 18, WRITE-
152, 77, 89, 18, HOLD-
152, 77, 89, 18, HOLD-
152, 88, 89, 18, HOLD-
152, 88, 89, 18, HOLD-
152, 99, 89, 18, HOLD-
152, 99, 89, 18, HOLD-
152, 110, 89, 18, HOLD-
152, 110, 89, 18, HOLD-
152, 121, 89, 18, HOLD-
152, 121, 89, 18, HOLD-
152, 132, 89, 18, BUY-
152, 132, 89, 18, HOLD-
152, 143, 89, 18, BUY-
152, 143, 89, 18, HOLD-
152, 154, 89, 18, HOLD-
152, 165, 89, 18, HOLD-
152, 176, 89, 18, HOLD-
152, 187, 89, 18, HOLD-
152, 198, 89, 18, BUY-
152, 209, 89, 18, BUY-
152, 220, 89, 18, BUY-
152, 231, 89, 18, BUY-
152, 242, 89, 18, BUY-
166, 25, 121, 60, WRITE-
166, 36, 121, 60, WRITE-
166, 47, 121, 60, WRITE-
166, 58, 121, 60, WRITE-
166, 58, 121, 60, WRITE-
166, 69, 121, 60, WRITE-
166, 69, 121, 60, WRITE-
166, 80, 121, 60, HOLD-
166, 80, 121, 60, HOLD-
166, 91, 121, 60, HOLD-
166, 91, 121, 60, HOLD-
166, 102, 121, 60, HOLD-
166, 102, 121, 60, HOLD-
166, 113, 121, 60, HOLD-
166, 113, 121, 60, HOLD-
166, 124, 121, 60, HOLD-
166, 124, 121, 60, HOLD-
166, 135, 121, 60, BUY-
166, 135, 121, 60, HOLD-
166, 146, 121, 60, BUY-
166, 146, 121, 60, HOLD-
166, 157, 121, 60, HOLD-
166, 168, 121, 60, HOLD-
166, 179, 121, 60, HOLD-
166, 190, 121, 60, HOLD-
166, 202, 121, 60, BUY-
166, 213, 121, 60, BUY-
166, 224, 121, 60, BUY-
166, 235, 121, 60, BUY-
166, 246, 121, 60, BUY-
156, 30, 172, 63, WRITE-
156, 41, 172, 63, WRITE-
156, 52, 172, 63, WRITE-
156, 63, 172, 63, WRITE-
156, 63, 172, 63, WRITE-
156, 74, 172, 63, WRITE-
156, 74, 172, 63, WRITE-
156, 85, 172, 63, HOLD-
156, 85, 172, 63, HOLD-
156, 96, 172, 63, HOLD-
156, 96, 172, 63, HOLD-
156, 107, 172, 63, HOLD-
156, 107, 172, 63, HOLD-
156, 118, 172, 63, HOLD-
156, 118, 172, 63, HOLD-
156, 129, 172, 63, HOLD-
156, 129, 172, 63, HOLD-
156, 141, 172, 63, BUY-
156, 141, 172, 63, HOLD-
156, 152, 172, 63, BUY-
156, 152, 172, 63, HOLD-
156, 163, 172, 63, HOLD-
156, 174, 172, 63, HOLD-
156, 185, 172, 63, HOLD-
156, 196, 172, 63, HOLD-
156, 207, 172, 63, BUY-
156, 218, 172, 63, BUY-
156, 229, 172, 63, BUY-
156, 240, 172, 63, BUY-
156, 251, 172, 63, BUY-
130, 34, 155, 56, WRITE-
130, 45, 155, 56, WRITE-
130, 56, 155, 56, WRITE-
130, 67, 155, 56, WRITE-
130, 67, 155, 56, WRITE-
130, 78, 155, 56, WRITE-
130, 78, 155, 56, WRITE-
130, 89, 155, 56, HOLD-
130, 89, 155, 56, HOLD-
130, 100, 155, 56, HOLD-
130, 100, 155, 56, HOLD-
130, 111, 155, 56, HOLD-
130, 111, 155, 56, HOLD-
130, 122, 155, 56, HOLD-
130, 122, 155, 56, HOLD-
130, 133, 155, 56, HOLD-
130, 133, 155, 56, HOLD-
130, 144, 155, 56, BUY-
130, 144, 155, 56, HOLD-
130, 155, 155, 56, BUY-
130, 155, 155, 56, HOLD-
130, 166, 155, 56, HOLD-
130, 177, 155, 56, HOLD-
130, 189, 155, 56, HOLD-
130, 200, 155, 56, HOLD-
130, 211, 155, 56, BUY-
130, 222, 155, 56, BUY-
130, 233, 155, 56, BUY-
130, 244, 155, 56, BUY-
130, 255, 155, 56, BUY-
65, 34, 87, 47, WRITE-
65, 45, 87, 47, WRITE-
65, 56, 87, 47, WRITE-
65, 67, 87, 47, WRITE-
65, 67, 87, 47, WRITE-
65, 78, 87, 47, WRITE-
65, 78, 87, 47, WRITE-
65, 89, 87, 47, HOLD-
65, 89, 87, 47, HOLD-
65, 100, 87, 47, HOLD-
65, 100, 87, 47, HOLD-
65, 111, 87, 47, HOLD-
65, 111, 87, 47, HOLD-
65, 122, 87, 47, HOLD-
65, 122, 87, 47, HOLD-
65, 133, 87, 47, HOLD-
65, 133, 87, 47, HOLD-
65, 145, 87, 47, BUY-
65, 145, 87, 47, HOLD-
65, 156, 87, 47, BUY-
65, 156, 87, 47, HOLD-
65, 167, 87, 47, HOLD-
65, 178, 87, 47, HOLD-
65, 189, 87, 47, HOLD-
65, 200, 87, 47, HOLD-
65, 211, 87, 47, BUY-
65, 222, 87, 47, BUY-
65, 233, 87, 47, BUY-
65, 244, 87, 47, BUY-
65, 255, 87, 47, BUY-
148, 25, 139, 53, WRITE-
148, 36, 139, 53, WRITE-
148, 47, 139, 53, WRITE-
148, 58, 139, 53, WRITE-
148, 69, 139, 53, WRITE-
148, 69, 139, 53, WRITE-
148, 80, 139, 53, HOLD-
148, 80, 139, 53, HOLD-
148, 91, 139, 53, HOLD-
148, 91, 139, 53, HOLD-
148, 102, 139, 53, HOLD-
148, 102, 139, 53, HOLD-
148, 114, 139, 53, HOLD-
148, 114, 139, 53, HOLD-
148, 125, 139, 53, HOLD-
148, 125, 139, 53, HOLD-
148, 136, 139, 53, BUY-
148, 136, 139, 53, HOLD-
148, 147, 139, 53, BUY-
148, 147, 139, 53, HOLD-
148, 158, 139, 53, HOLD-
148, 169, 139, 53, HOLD-
148, 180, 139, 53, HOLD-
148, 191, 139, 53, HOLD-
148, 202, 139, 53, BUY-
148, 213, 139, 53, BUY-
148, 224, 139, 53, BUY-
148, 235, 139, 53, BUY-
148, 246, 139, 53, BUY-
53, 28, 93, 36, WRITE-
53, 39, 93, 36, WRITE-
53, 50, 93, 36, WRITE-
53, 61, 93, 36, WRITE-
53, 72, 93, 36, WRITE-
53, 72, 93, 36, WRITE-
53, 83, 93, 36, HOLD-
53, 83, 93, 36, HOLD-
53, 94, 93, 36, HOLD-
53, 94, 93, 36, HOLD-
53, 105, 93, 36, HOLD-
53, 105, 93, 36, HOLD-
53, 116, 93, 36, HOLD-
53, 116, 93, 36, HOLD-
53, 127, 93, 36, HOLD-
53, 127, 93, 36, HOLD-
53, 138, 93, 36, BUY-
53, 138, 93, 36, HOLD-
53, 149, 93, 36, BUY-
53, 149, 93, 36, HOLD-
53, 160, 93, 36, HOLD-
53, 172, 93, 36, HOLD-
53, 183, 93, 36, HOLD-
53, 194, 93, 36, HOLD-
53, 205, 93, 36, BUY-
53, 216, 93, 36, BUY-
53, 227, 93, 36, BUY-
53, 238, 93, 36, BUY-
53, 249, 93, 36, BUY-
87, 17, 133, 66, WRITE-
87, 28, 133, 66, WRITE-
87, 39, 133, 66, WRITE-
87, 50, 133, 66, WRITE-
87, 61, 133, 66, WRITE-
87, 61, 133, 66, WRITE-
87, 72, 133, 66, HOLD-
87, 72, 133, 66, HOLD-
87, 83, 133, 66, HOLD-
87, 83, 133, 66, HOLD-
87, 95, 133, 66, HOLD-
87, 95, 133, 66, HOLD-
87, 106, 133, 66, HOLD-
87, 106, 133, 66, HOLD-
87, 117, 133, 66, HOLD-
87, 117, 133, 66, HOLD-
87, 128, 133, 66, BUY-
87, 128, 133, 66, HOLD-
87, 139, 133, 66, BUY-
87, 139, 133, 66, HOLD-
87, 150, 133, 66, HOLD-
87, 161, 133, 66, HOLD-
87, 172, 133, 66, HOLD-
87, 183, 133, 66, HOLD-
87, 194, 133, 66, BUY-
87, 205, 133, 66, BUY-
87, 216, 133, 66, BUY-
87, 227, 133, 66, BUY-
87, 238, 133, 66, BUY-
205, 11, 215, 20, WRITE-
205, 22, 215, 20, WRITE-
205, 33, 215, 20, WRITE-
205, 44, 215, 20, WRITE-
205, 55, 215, 20, WRITE-
205, 55, 215, 20, WRITE-
205, 66, 215, 20, HOLD-
205, 66, 215, 20, HOLD-
205, 77, 215, 20, HOLD-
205, 77, 215, 20, HOLD-
205, 89, 215, 20, HOLD-
205, 89, 215, 20, HOLD-
205, 100, 215, 20, HOLD-
205, 100, 215, 20, HOLD-
205, 111, 215, 20, HOLD-
205, 111, 215, 20, HOLD-
205, 122, 215, 20, BUY-
205, 122, 215, 20, HOLD-
205, 133, 215, 20, BUY-
205, 133, 215, 20, HOLD-
205, 144, 215, 20, HOLD-
205, 155, 215, 20, HOLD-
205, 166, 215, 20, HOLD-
205, 177, 215, 20, HOLD-
205, 188, 215, 20, BUY-
205, 199, 215, 20, BUY-
205, 210, 215, 20, BUY-
205, 221, 215, 20, BUY-
205, 232, 215, 20, BUY-
124, 22, 80, 90, WRITE-
124, 33, 80, 90, WRITE-
124, 44, 80, 90, WRITE-
124, 55, 80, 90, WRITE-
124, 66, 80, 90, WRITE-
124, 66, 80, 90, WRITE-
124, 77, 80, 90, HOLD-
124, 77, 80, 90, HOLD-
124, 88, 80, 90, HOLD-
124, 88, 80, 90, HOLD-
124, 99, 80, 90, HOLD-
124, 99, 80, 90, HOLD-
124, 111, 80, 90, HOLD-
124, 111, 80, 90, HOLD-
124, 122, 80, 90, HOLD-
124, 122, 80, 90, HOLD-
124, 133, 80, 90, BUY-
124, 133, 80, 90, HOLD-
124, 144, 80, 90, BUY-
124, 144, 80, 90, HOLD-
124, 155, 80, 90, HOLD-
124, 166, 80, 90, HOLD-
124, 177, 80, 90, HOLD-
124, 188, 80, 90, HOLD-
124, 199, 80, 90, BUY-
124, 210, 80, 90, BUY-
124, 221, 80, 90, BUY-
124, 232, 80, 90, BUY-
124, 243, 80, 90, BUY-
141, 33, 119, 65, WRITE-
141, 44, 119, 65, WRITE-
141, 55, 119, 65, WRITE-
141, 66, 119, 65, WRITE-
141, 66, 119, 65, WRITE-
141, 77, 119, 65, WRITE-
141, 77, 119, 65, WRITE-
141, 88, 119, 65, HOLD-
141, 88, 119, 65, HOLD-
141, 99, 119, 65, HOLD-
141, 99, 119, 65, HOLD-
141, 110, 119, 65, HOLD-
141, 110, 119, 65, HOLD-
141, 121, 119, 65, HOLD-
141, 121, 119, 65, HOLD-
141, 132, 119, 65, BUY-
141, 132, 119, 65, HOLD-
141, 143, 119, 65, BUY-
141, 143, 119, 65, HOLD-
141, 154, 119, 65, HOLD-
141, 165, 119, 65, HOLD-
141, 176, 119, 65, HOLD-
141, 187, 119, 65, HOLD-
141, 198, 119, 65, BUY-
141, 209, 119, 65, BUY-
141, 220, 119, 65, BUY-
141, 231, 119, 65, BUY-
141, 242, 119, 65, BUY-
129, 34, 126, 54, WRITE-
129, 45, 126, 54, WRITE-
129, 57, 126, 54, WRITE-
129, 68, 126, 54, WRITE-
129, 68, 126, 54, WRITE-
129, 79, 126, 54, WRITE-
129, 79, 126, 54, WRITE-
129, 90, 126, 54, HOLD-
129, 90, 126, 54, HOLD-
129, 101, 126, 54, HOLD-
129, 101, 126, 54, HOLD-
129, 112, 126, 54, HOLD-
129, 112, 126, 54, HOLD-
129, 123, 126, 54, HOLD-
129, 123, 126, 54, HOLD-
129, 134, 126, 54, BUY-
129, 134, 126, 54, HOLD-
129, 145, 126, 54, BUY-
129, 145, 126, 54, HOLD-
129, 156, 126, 54, HOLD-
129, 167, 126, 54, HOLD-
129, 178, 126, 54, HOLD-
129, 189, 126, 54, HOLD-
129, 200, 126, 54, BUY-
129, 211, 126, 54, BUY-
129, 222, 126, 54, BUY-
129, 233, 126, 54, BUY-
129, 244, 126, 54, BUY-
86, 35, 93, 62, WRITE-
86, 46, 93, 62, WRITE-
86, 57, 93, 62, WRITE-
86, 68, 93, 62, WRITE-
86, 79, 93, 62, WRITE-
86, 79, 93, 62, WRITE-
86, 90, 93, 62, HOLD-
86, 90, 93, 62, HOLD-
86, 101, 93, 62, HOLD-
86, 101, 93, 62, HOLD-
86, 112, 93, 62, HOLD-
86, 112, 93, 62, HOLD-
86, 123, 93, 62, HOLD-
86, 123, 93, 62, HOLD-
86, 134, 93, 62, BUY-
86, 134, 93, 62, HOLD-
86, 145, 93, 62, BUY-
86, 145, 93, 62, HOLD-
86, 156, 93, 62, HOLD-
86, 167, 93, 62, HOLD-
86, 178, 93, 62, HOLD-
86, 189, 93, 62, HOLD-
86, 200, 93, 62, BUY-
86, 211, 93, 62, BUY-
86, 222, 93, 62, BUY-
86, 233, 93, 62, BUY-
86, 244, 93, 62, BUY-
64, 40, 58, 11, WRITE-
64, 51, 58, 11, WRITE-
64, 62, 58, 11, WRITE-
64, 73, 58, 11, WRITE-
64, 73, 58, 11, WRITE-
64, 84, 58, 11, HOLD-
64, 84, 58, 11, HOLD-
64, 95, 58, 11, HOLD-
64, 95, 58, 11, HOLD-
64, 106, 58, 11, HOLD-
64, 106, 58, 11, HOLD-
64, 117, 58, 11, HOLD-
64, 117, 58, 11, HOLD-
64, 128, 58, 11, BUY-
64, 128, 58, 11, HOLD-
64, 139, 58, 11, BUY-
64, 139, 58, 11, HOLD-
64, 150, 58, 11, HOLD-
64, 161, 58, 11, HOLD-
64, 172, 58, 11, HOLD-
64, 183, 58, 11, HOLD-
64, 194, 58, 11, BUY-
64, 205, 58, 11, BUY-
64, 216, 58, 11, BUY-
64, 227, 58, 11, BUY-
64, 238, 58, 11, BUY-
66, 30, 36, 69, WRITE-
66, 41, 36, 69, WRITE-
66, 52, 36, 69, WRITE-
66, 63, 36, 69, WRITE-
66, 74, 36, 69, WRITE-
66, 74, 36, 69, WRITE-
66, 85, 36, 69, HOLD-
66, 85, 36, 69, HOLD-
66, 96, 36, 69, HOLD-
66, 96, 36, 69, HOLD-
66, 107, 36, 69, HOLD-
66, 107, 36, 69, HOLD-
66, 119, 36, 69, BUY-
66, 119, 36, 69, HOLD-
66, 130, 36, 69, BUY-
66, 130, 36, 69, HOLD-
66, 141, 36, 69, HOLD-
66, 152, 36, 69, HOLD-
66, 163, 36, 69, HOLD-
66, 174, 36, 69, HOLD-
66, 185, 36, 69, BUY-
66, 196, 36, 69, BUY-
66, 207, 36, 69, BUY-
66, 218, 36, 69, BUY-
66, 229, 36, 69, BUY-
113, 32, 114, 36, WRITE-
113, 43, 114, 36, WRITE-
113, 54, 114, 36, WRITE-
113, 65, 114, 36, WRITE-
113, 65, 114, 36, WRITE-
113, 76, 114, 36, WRITE-
113, 76, 114, 36, WRITE-
113, 87, 114, 36, HOLD-
113, 87, 114, 36, HOLD-
113, 98, 114, 36, HOLD-
113, 98, 114, 36, HOLD-
113, 109, 114, 36, BUY-
113, 109, 114, 36, HOLD-
113, 120, 114, 36, BUY-
113, 120, 114, 36, HOLD-
113, 131, 114, 36, HOLD-
113, 142, 114, 36, HOLD-
113, 153, 114, 36, HOLD-
113, 164, 114, 36, HOLD-
113, 176, 114, 36, BUY-
113, 187, 114, 36, BUY-
113, 198, 114, 36, BUY-
113, 209, 114, 36, BUY-
113, 220, 114, 36, BUY-
98, 30, 66, 71, WRITE-
98, 41, 66, 71, WRITE-
98, 52, 66, 71, WRITE-
98, 63, 66, 36, WRITE-
98, 63, 66, 71, WRITE-
98, 74, 66, 36, WRITE-
98, 74, 66, 71, WRITE-
98, 85, 66, 36, HOLD-
98, 85, 66, 71, HOLD-
98, 96, 66, 36, HOLD-
98, 96, 66, 71, HOLD-
98, 107, 66, 36, BUY-
98, 107, 66, 71, HOLD-
98, 118, 66, 36, BUY-
98, 118, 66, 71, HOLD-
98, 129, 66, 71, HOLD-
98, 140, 66, 71, HOLD-
98, 151, 66, 71, HOLD-
98, 162, 66, 71, HOLD-
98, 173, 66, 71, BUY-
98, 184, 66, 71, BUY-
98, 195, 66, 71, BUY-
98, 206, 66, 71, BUY-
98, 217, 66, 71, BUY-
96, 25, 115, 56, WRITE-
96, 36, 115, 56, WRITE-
96, 47, 115, 56, WRITE-
96, 58, 115, 56, WRITE-
96, 69, 115, 56, WRITE-
96, 80, 115, 56, HOLD-
96, 91, 115, 56, HOLD-
96, 102, 115, 56, HOLD-
96, 113, 115, 56, HOLD-
96, 124, 115, 56, HOLD-
96, 136, 115, 56, HOLD-
96, 147, 115, 56, HOLD-
96, 158, 115, 56, HOLD-
96, 169, 115, 56, BUY-
96, 180, 115, 56, BUY-
96, 191, 115, 56, BUY-
96, 202, 115, 56, BUY-
96, 213, 115, 56, BUY-
188, 20, 196, 36, WRITE-
188, 31, 196, 36, WRITE-
188, 42, 196, 36, WRITE-
188, 53, 196, 36, WRITE-
188, 64, 196, 36, WRITE-
188, 75, 196, 36, HOLD-
188, 86, 196, 36, HOLD-
188, 97, 196, 36, HOLD-
188, 109, 196, 36, HOLD-
188, 120, 196, 36, HOLD-
188, 131, 196, 36, HOLD-
188, 142, 196, 36, HOLD-
188, 153, 196, 36, HOLD-
188, 164, 196, 36, BUY-
188, 175, 196, 36, BUY-
188, 186, 196, 36, BUY-
188, 197, 196, 36, BUY-
188, 208, 196, 36, BUY-
104, 29, 61, 50, WRITE-
104, 40, 61, 50, WRITE-
104, 51, 61, 50, WRITE-
104, 62, 61, 50, WRITE-
104, 73, 61, 50, WRITE-
104, 84, 61, 50, HOLD-
104, 95, 61, 50, HOLD-
104, 107, 61, 50, HOLD-
104, 118, 61, 50, HOLD-
104, 129, 61, 50, HOLD-
104, 140, 61, 50, HOLD-
104, 151, 61, 50, HOLD-
104, 162, 61, 50, HOLD-
104, 173, 61, 50, BUY-
104, 184, 61, 50, BUY-
104, 195, 61, 50, BUY-
104, 206, 61, 50, BUY-
104, 217, 61, 50, BUY-
83, 25, 64, 58, WRITE-
83, 36, 64, 58, WRITE-
83, 48, 64, 58, WRITE-
83, 59, 64, 58, WRITE-
83, 70, 64, 58, WRITE-
83, 81, 64, 58, HOLD-
83, 92, 64, 58, HOLD-
83, 103, 64, 58, HOLD-
83, 114, 64, 58, HOLD-
83, 125, 64, 58, HOLD-
83, 136, 64, 58, HOLD-
83, 147, 64, 58, HOLD-
83, 158, 64, 58, HOLD-
83, 169, 64, 58, BUY-
83, 180, 64, 58, BUY-
83, 191, 64, 58, BUY-
83, 202, 64, 58, BUY-
83, 213, 64, 58, BUY-
132, 29, 137, 42, WRITE-
132, 40, 137, 42, WRITE-
132, 52, 137, 42, WRITE-
132, 63, 137, 42, WRITE-
132, 74, 137, 42, WRITE-
132, 85, 137, 42, HOLD-
132, 96, 137, 42, HOLD-
132, 107, 137, 42, HOLD-
132, 118, 137, 42, HOLD-
132, 129, 137, 42, HOLD-
132, 140, 137, 42, HOLD-
132, 151, 137, 42, HOLD-
132, 162, 137, 42, BUY-
132, 173, 137, 42, BUY-
132, 184, 137, 42, BUY-
132, 195, 137, 42, BUY-
132, 206, 137, 42, BUY-
104, 30, 104, 39, WRITE-
104, 41, 104, 39, WRITE-
104, 52, 104, 39, WRITE-
104, 63, 104, 39, WRITE-
104, 74, 104, 39, WRITE-
104, 85, 104, 39, HOLD-
104, 96, 104, 39, HOLD-
104, 107, 104, 39, HOLD-
104, 118, 104, 39, HOLD-
104, 129, 104, 39, HOLD-
104, 140, 104, 39, HOLD-
104, 152, 104, 39, HOLD-
104, 163, 104, 39, BUY-
104, 174, 104, 39, BUY-
104, 185, 104, 39, BUY-
104, 196, 104, 39, BUY-
104, 207, 104, 39, BUY-
77, 37, 116, 47, WRITE-
77, 48, 116, 47, WRITE-
77, 59, 116, 47, WRITE-
77, 70, 116, 47, WRITE-
77, 82, 116, 47, HOLD-
77, 93, 116, 47, HOLD-
77, 104, 116, 47, HOLD-
77, 115, 116, 47, HOLD-
77, 126, 116, 47, HOLD-
77, 137, 116, 47, HOLD-
77, 148, 116, 47, HOLD-
77, 159, 116, 47, BUY-
77, 170, 116, 47, BUY-
77, 181, 116, 47, BUY-
77, 192, 116, 47, BUY-
77, 203, 116, 47, BUY-
82, 29, 97, 53, WRITE-
82, 40, 97, 53, WRITE-
82, 51, 97, 53, WRITE-
82, 62, 97, 53, WRITE-
82, 73, 97, 53, WRITE-
82, 84, 97, 53, HOLD-
82, 96, 97, 53, HOLD-
82, 107, 97, 53, HOLD-
82, 118, 97, 53, HOLD-
82, 129, 97, 53, HOLD-
82, 140, 97, 53, HOLD-
82, 151, 97, 53, BUY-
82, 162, 97, 53, BUY-
82, 173, 97, 53, BUY-
82, 184, 97, 53, BUY-
82, 195, 97, 53, BUY-
76, 33, 31, 40, WRITE-
76, 44, 31, 40, WRITE-
76, 55, 31, 40, WRITE-
76, 66, 31, 40, WRITE-
76, 77, 31, 40, WRITE-
76, 88, 31, 40, HOLD-
76, 99, 31, 40, HOLD-
76, 110, 31, 40, HOLD-
76, 121, 31, 40, HOLD-
76, 132, 31, 40, HOLD-
76, 143, 31, 40, BUY-
76, 154, 31, 40, BUY-
76, 165, 31, 40, BUY-
76, 176, 31, 40, BUY-
76, 188, 31, 40, BUY-
29, 24, 0, 36, WRITE-
29, 35, 0, 36, WRITE-
29, 46, 0, 36, WRITE-
29, 57, 0, 36, WRITE-
29, 68, 0, 36, WRITE-
29, 79, 0, 36, HOLD-
29, 90, 0, 36, HOLD-
29, 102, 0, 36, HOLD-
29, 113, 0, 36, HOLD-
29, 124, 0, 36, HOLD-
29, 135, 0, 36, BUY-
29, 146, 0, 36, BUY-
29, 157, 0, 36, BUY-
29, 168, 0, 36, BUY-
29, 179, 0, 36, BUY-
173, 7, 188, 47, WRITE-
173, 18, 188, 47, WRITE-
173, 29, 188, 47, WRITE-
173, 40, 188, 47, WRITE-
173, 51, 188, 47, WRITE-
173, 62, 188, 47, HOLD-
173, 73, 188, 47, HOLD-
173, 84, 188, 47, HOLD-
173, 96, 188, 47, HOLD-
173, 107, 188, 47, HOLD-
173, 118, 188, 47, BUY-
173, 129, 188, 47, BUY-
173, 140, 188, 47, BUY-
173, 151, 188, 47, BUY-
173, 162, 188, 47, BUY-
159, 15, 171, 124, WRITE-
159, 26, 171, 124, WRITE-
159, 37, 171, 124, WRITE-
159, 48, 171, 124, WRITE-
159, 59, 171, 124, WRITE-
159, 70, 171, 124, HOLD-
159, 81, 171, 124, HOLD-
159, 92, 171, 124, HOLD-
159, 103, 171, 124, HOLD-
159, 114, 171, 124, BUY-
159, 125, 171, 124, BUY-
159, 136, 171, 124, BUY-
159, 147, 171, 124, BUY-
159, 158, 171, 124, BUY-
166, 20, 142, 31, WRITE-
166, 31, 142, 31, WRITE-
166, 42, 142, 31, WRITE-
166, 53, 142, 31, WRITE-
166, 64, 142, 31, WRITE-
166, 75, 142, 31, HOLD-
166, 86, 142, 31, HOLD-
166, 97, 142, 31, HOLD-
166, 108, 142, 31, BUY-
166, 119, 142, 31, BUY-
166, 130, 142, 31, BUY-
166, 141, 142, 31, BUY-
166, 152, 142, 31, BUY-
109, 26, 114, 51, WRITE-
109, 37, 114, 51, WRITE-
109, 48, 114, 51, WRITE-
109, 59, 114, 51, WRITE-
109, 70, 114, 51, WRITE-
109, 81, 114, 51, HOLD-
109, 92, 114, 51, HOLD-
109, 103, 114, 51, HOLD-
109, 114, 114, 51, BUY-
109, 125, 114, 51, BUY-
109, 136, 114, 51, BUY-
109, 148, 114, 51, BUY-
109, 159, 114, 51, BUY-
132, 34, 143, 61, WRITE-
132, 45, 143, 61, WRITE-
132, 56, 143, 61, WRITE-
132, 67, 143, 61, WRITE-
132, 78, 143, 61, HOLD-
132, 89, 143, 61, HOLD-
132, 100, 143, 61, HOLD-
132, 111, 143, 61, BUY-
132, 122, 143, 61, BUY-
132, 133, 143, 61, BUY-
132, 144, 143, 61, BUY-
132, 155, 143, 61, BUY-
145, 35, 134, 62, WRITE-
145, 46, 134, 62, WRITE-
145, 57, 134, 62, WRITE-
145, 68, 134, 62, WRITE-
145, 79, 134, 62, HOLD-
145, 90, 134, 62, HOLD-
145, 101, 134, 62, HOLD-
145, 112, 134, 62, BUY-
145, 123, 134, 62, BUY-
145, 134, 134, 62, BUY-
145, 145, 134, 62, BUY-
145, 156, 134, 62, BUY-
107, 37, 112, 41, WRITE-
107, 48, 112, 41, WRITE-
107, 59, 112, 41, WRITE-
107, 70, 112, 41, WRITE-
107, 82, 112, 41, HOLD-
107, 93, 112, 41, HOLD-
107, 104, 112, 41, HOLD-
107, 115, 112, 41, BUY-
107, 126, 112, 41, BUY-
107, 137, 112, 41, BUY-
107, 148, 112, 41, BUY-
107, 159, 112, 41, BUY-
90, 34, 110, 31, WRITE-
90, 45, 110, 31, WRITE-
90, 56, 110, 31, WRITE-
90, 67, 110, 31, WRITE-
90, 78, 110, 31, HOLD-
90, 89, 110, 31, HOLD-
90, 100, 110, 31, HOLD-
90, 111, 110, 31, BUY-
90, 122, 110, 31, BUY-
90, 133, 110, 31, BUY-
90, 144, 110, 31, BUY-
90, 155, 110, 31, BUY-
108, 27, 145, 31, WRITE-
108, 38, 145, 31, WRITE-
108, 49, 145, 31, WRITE-
108, 61, 145, 31, WRITE-
108, 72, 145, 31, WRITE-
108, 83, 145, 31, HOLD-
108, 94, 145, 31, HOLD-
108, 105, 145, 31, BUY-
108, 116, 145, 31, BUY-
108, 127, 145, 31, BUY-
108, 138, 145, 31, BUY-
108, 149, 145, 31, BUY-
89, 6, 23, 181, WRITE?
89, 15, 23, 181, WRITE?
89, 24, 23, 181, WRITE?
89, 33, 23, 181, WRITE?
89, 43, 23, 181, WRITE?
89, 52, 23, 181, HOLD?
89, 61, 23, 181, HOLD?
89, 70, 23, 181, HOLD?
89, 80, 23, 181, HOLD?
89, 89, 23, 181, HOLD?
89, 98, 23, 181, HOLD?
89, 107, 23, 181, HOLD?
89, 117, 23, 181, HOLD?
89, 126, 23, 181, HOLD?
89, 135, 23, 181, HOLD?
89, 144, 23, 181, HOLD?
89, 153, 23, 181, HOLD?
89, 163, 23, 181, HOLD?
89, 172, 23, 181, HOLD?
89, 181, 23, 181, HOLD?
89, 190, 23, 181, HOLD?
89, 200, 23, 181, HOLD?
89, 209, 23, 181, HOLD?
89, 218, 23, 181, BUY?
89, 227, 23, 181, BUY?
89, 237, 23, 181, BUY?
89, 246, 23, 181, BUY?
89, 255, 23, 181, BUY?
104, 29, 73, 142, WRITE?
104, 38, 73, 142, WRITE?
104, 47, 73, 142, WRITE?
104, 56, 73, 142, WRITE?
104, 66, 73, 142, WRITE?
104, 75, 73, 142, HOLD?
104, 84, 73, 142, HOLD?
104, 93, 73, 142, HOLD?
104, 102, 73, 142, HOLD?
104, 112, 73, 142, HOLD?
104, 121, 73, 142, HOLD?
104, 130, 73, 142, HOLD?
104, 139, 73, 142, HOLD?
104, 149, 73, 142, HOLD?
104, 158, 73, 142, HOLD?
104, 167, 73, 142, HOLD?
104, 176, 73, 142, HOLD?
104, 186, 73, 142, HOLD?
104, 195, 73, 142, HOLD?
104, 204, 73, 142, HOLD?
104, 213, 73, 142, BUY?
104, 222, 73, 142, BUY?
104, 232, 73, 142, BUY?
104, 241, 73, 142, BUY?
104, 250, 73, 142, BUY?
96, 26, 98, 249, WRITE?
96, 35, 98, 249, WRITE?
96, 44, 98, 249, WRITE?
96, 54, 98, 249, WRITE?
96, 63, 98, 249, WRITE?
96, 72, 98, 249, HOLD?
96, 81, 98, 249, HOLD?
96, 91, 98, 249, HOLD?
96, 100, 98, 249, HOLD?
96, 109, 98, 249, HOLD?
96, 118, 98, 249, HOLD?
96, 127, 98, 249, HOLD?
96, 137, 98, 249, HOLD?
96, 146, 98, 249, HOLD?
96, 155, 98, 249, HOLD?
96, 164, 98, 249, HOLD?
96, 174, 98, 249, HOLD?
96, 183, 98, 249, HOLD?
96, 192, 98, 249, HOLD?
96, 201, 98, 249, HOLD?
96, 211, 98, 249, BUY?
96, 220, 98, 249, BUY?
96, 229, 98, 249, BUY?
96, 238, 98, 249, BUY?
96, 247, 98, 249, BUY?
79, 31, 122, 39, WRITE?
79, 41, 122, 39, WRITE?
79, 50, 122, 39, WRITE?
79, 59, 122, 39, WRITE?
79, 68, 122, 39, WRITE?
79, 77, 122, 39, HOLD?
79, 87, 122, 39, HOLD?
79, 96, 122, 39, HOLD?
79, 105, 122, 39, HOLD?
79, 114, 122, 39, HOLD?
79, 124, 122, 39, HOLD?
79, 133, 122, 39, HOLD?
79, 142, 122, 39, HOLD?
79, 151, 122, 39, HOLD?
79, 161, 122, 39, HOLD?
79, 170, 122, 39, HOLD?
79, 179, 122, 39, HOLD?
79, 188, 122, 39, HOLD?
79, 197, 122, 39, HOLD?
79, 207, 122, 39, BUY?
79, 216, 122, 39, BUY?
79, 225, 122, 39, BUY?
79, 234, 122, 39, BUY?
79, 244, 122, 39, BUY?
97, 25, 49, 58, WRITE?
97, 34, 49, 58, WRITE?
97, 43, 49, 58, WRITE?
97, 52, 49, 58, WRITE?
97, 62, 49, 58, WRITE?
97, 71, 49, 58, HOLD?
97, 80, 49, 58, HOLD?
97, 89, 49, 58, HOLD?
97, 99, 49, 58, HOLD?
97, 108, 49, 58, HOLD?
97, 117, 49, 58, HOLD?
97, 126, 49, 58, HOLD?
97, 135, 49, 58, HOLD?
97, 145, 49, 58, HOLD?
97, 154, 49, 58, HOLD?
97, 163, 49, 58, HOLD?
97, 172, 49, 58, HOLD?
97, 182, 49, 58, HOLD?
97, 191, 49, 58, HOLD?
97, 200, 49, 58, BUY?
97, 209, 49, 58, BUY?
97, 219, 49, 58, BUY?
97, 228, 49, 58, BUY?
97, 237, 49, 58, BUY?
91, 21, 88, 167, WRITE?
91, 30, 88, 167, WRITE?
91, 39, 88, 167, WRITE?
91, 49, 88, 167, WRITE?
91, 58, 88, 167, WRITE?
91, 67, 88, 167, HOLD?
91, 76, 88, 167, HOLD?
91, 85, 88, 167, HOLD?
91, 95, 88, 167, HOLD?
91, 104, 88, 167, HOLD?
91, 113, 88, 167, HOLD?
91, 122, 88, 167, HOLD?
91, 132, 88, 167, HOLD?
91, 141, 88, 167, HOLD?
91, 150, 88, 167, HOLD?
91, 159, 88, 167, HOLD?
91, 169, 88, 167, HOLD?
91, 178, 88, 167, HOLD?
91, 187, 88, 167, HOLD?
91, 196, 88, 167, BUY?
91, 206, 88, 167, BUY?
91, 215, 88, 167, BUY?
91, 224, 88, 167, BUY?
91, 233, 88, 167, BUY?
98, 16, 109, 132, WRITE?
98, 25, 109, 132, WRITE?
98, 35, 109, 132, WRITE?
98, 44, 109, 132, WRITE?
98, 53, 109, 132, WRITE?
98, 62, 109, 132, HOLD?
98, 72, 109, 132, HOLD?
98, 81, 109, 132, HOLD?
98, 90, 109, 132, HOLD?
98, 99, 109, 132, HOLD?
98, 108, 109, 132, HOLD?
98, 118, 109, 132, HOLD?
98, 127, 109, 132, HOLD?
98, 136, 109, 132, HOLD?
98, 145, 109, 132, HOLD?
98, 155, 109, 132, HOLD?
98, 164, 109, 132, HOLD?
98, 173, 109, 132, HOLD?
98, 182, 109, 132, HOLD?
98, 192, 109, 132, BUY?
98, 201, 109, 132, BUY?
98, 210, 109, 132, BUY?
98, 219, 109, 132, BUY?
98, 228, 109, 132, BUY?
83, 12, 102, 0, WRITE?
83, 22, 102, 0, WRITE?
83, 31, 102, 0, WRITE?
83, 40, 102, 0, WRITE?
83, 49, 102, 0, WRITE?
83, 58, 102, 0, HOLD?
83, 68, 102, 0, HOLD?
83, 77, 102, 0, HOLD?
83, 86, 102, 0, HOLD?
83, 95, 102, 0, HOLD?
83, 105, 102, 0, HOLD?
83, 114, 102, 0, HOLD?
83, 123, 102, 0, HOLD?
83, 132, 102, 0, HOLD?
83, 142, 102, 0, HOLD?
83, 151, 102, 0, HOLD?
83, 160, 102, 0, HOLD?
83, 169, 102, 0, HOLD?
83, 178, 102, 0, HOLD?
83, 188, 102, 0, BUY?
83, 197, 102, 0, BUY?
83, 206, 102, 0, BUY?
83, 215, 102, 0, BUY?
83, 225, 102, 0, BUY?
126, 6, 176, 216, WRITE?
126, 15, 176, 216, WRITE?
126, 25, 176, 216, WRITE?
126, 34, 176, 216, WRITE?
126, 43, 176, 216, WRITE?
126, 52, 176, 216, HOLD?
126, 61, 176, 216, HOLD?
126, 71, 176, 216, HOLD?
126, 80, 176, 216, HOLD?
126, 89, 176, 216, HOLD?
126, 98, 176, 216, HOLD?
126, 108, 176, 216, HOLD?
126, 117, 176, 216, HOLD?
126, 126, 176, 216, HOLD?
126, 135, 176, 216, HOLD?
126, 145, 176, 216, HOLD?
126, 154, 176, 216, HOLD?
126, 163, 176, 216, HOLD?
126, 172, 176, 216, HOLD?
126, 181, 176, 216, BUY?
126, 191, 176, 216, BUY?
126, 200, 176, 216, BUY?
126, 209, 176, 216, BUY?
126, 218, 176, 216, BUY?
99, 7, 93, 115, WRITE?
99, 16, 93, 115, WRITE?
99, 25, 93, 115, WRITE?
99, 34, 93, 115, WRITE?
99, 44, 93, 115, WRITE?
99, 53, 93, 115, HOLD?
99, 62, 93, 115, HOLD?
99, 71, 93, 115, HOLD?
99, 81, 93, 115, HOLD?
99, 90, 93, 115, HOLD?
99, 99, 93, 115, HOLD?
99, 108, 93, 115, HOLD?
99, 118, 93, 115, HOLD?
99, 127, 93, 115, HOLD?
99, 136, 93, 115, HOLD?
99, 145, 93, 115, HOLD?
99, 154, 93, 115, HOLD?
99, 164, 93, 115, HOLD?
99, 173, 93, 115, HOLD?
99, 182, 93, 115, BUY?
99, 191, 93, 115, BUY?
99, 201, 93, 115, BUY?
99, 210, 93, 115, BUY?
99, 219, 93, 115, BUY?
104, 3, 85, 148, WRITE?
104, 12, 85, 148, WRITE?
104, 21, 85, 148, WRITE?
104, 31, 85, 148, WRITE?
104, 40, 85, 148, WRITE?
104, 49, 85, 148, HOLD?
104, 58, 85, 148, HOLD?
104, 68, 85, 148, HOLD?
104, 77, 85, 148, HOLD?
104, 86, 85, 148, HOLD?
104, 95, 85, 148, HOLD?
104, 105, 85, 148, HOLD?
104, 114, 85, 148, HOLD?
104, 123, 85, 148, HOLD?
104, 132, 85, 148, HOLD?
104, 141, 85, 148, HOLD?
104, 151, 85, 148, HOLD?
104, 160, 85, 148, HOLD?
104, 169, 85, 148, HOLD?
104, 178, 85, 148, BUY?
104, 188, 85, 148, BUY?
104, 197, 85, 148, BUY?
104, 206, 85, 148, BUY?
104, 215, 85, 148, BUY?
159, 0, 117, 45, WRITE?
159, 9, 117, 45, WRITE?
159, 18, 117, 45, WRITE?
159, 28, 117, 45, WRITE?
159, 37, 117, 45, WRITE?
159, 46, 117, 45, HOLD?
159, 55, 117, 45, HOLD?
159, 65, 117, 45, HOLD?
159, 74, 117, 45, HOLD?
159, 83, 117, 45, HOLD?
159, 92, 117, 45, HOLD?
159, 102, 117, 45, HOLD?
159, 111, 117, 45, HOLD?
159, 120, 117, 45, HOLD?
159, 129, 117, 45, HOLD?
159, 138, 117, 45, HOLD?
159, 148, 117, 45, HOLD?
159, 157, 117, 45, HOLD?
159, 166, 117, 45, HOLD?
159, 175, 117, 45, BUY?
159, 185, 117, 45, BUY?
159, 194, 117, 45, BUY?
159, 203, 117, 45, BUY?
159, 212, 117, 45, BUY?
255, 6, 255, 126, WRITE?
255, 15, 255, 126, WRITE?
255, 24, 255, 126, WRITE?
255, 34, 255, 126, WRITE?
255, 43, 255, 126, WRITE?
255, 52, 255, 126, HOLD?
255, 61, 255, 126, HOLD?
255, 71, 255, 126, HOLD?
255, 80, 255, 126, HOLD?
255, 89, 255, 126, HOLD?
255, 98, 255, 126, HOLD?
255, 107, 255, 126, HOLD?
255, 117, 255, 126, HOLD?
255, 126, 255, 126, HOLD?
255, 135, 255, 126, HOLD?
255, 144, 255, 126, HOLD?
255, 154, 255, 126, HOLD?
255, 163, 255, 126, HOLD?
255, 172, 255, 126, HOLD?
255, 181, 255, 126, BUY?
255, 191, 255, 126, BUY?
255, 200, 255, 126, BUY?
255, 209, 255, 126, BUY?
255, 218, 255, 126, BUY?
81, 26, 69, 170, WRITE?
81, 35, 69, 170, WRITE?
81, 45, 69, 170, WRITE?
81, 54, 69, 170, WRITE?
81, 63, 69, 170, WRITE?
81, 72, 69, 170, HOLD?
81, 81, 69, 170, HOLD?
81, 91, 69, 170, HOLD?
81, 100, 69, 170, HOLD?
81, 109, 69, 170, HOLD?
81, 118, 69, 170, HOLD?
81, 128, 69, 170, HOLD?
81, 137, 69, 170, HOLD?
81, 146, 69, 170, HOLD?
81, 155, 69, 170, HOLD?
81, 165, 69, 170, HOLD?
81, 174, 69, 170, HOLD?
81, 183, 69, 170, HOLD?
81, 192, 69, 170, HOLD?
81, 201, 69, 170, BUY?
81, 211, 69, 170, BUY?
81, 220, 69, 170, BUY?
81, 229, 69, 170, BUY?
81, 238, 69, 170, BUY?
55, 29, 37, 101, WRITE?
55, 38, 37, 101, WRITE?
55, 47, 37, 101, WRITE?
55, 57, 37, 101, WRITE?
55, 66, 37, 101, WRITE?
55, 75, 37, 101, HOLD?
55, 84, 37, 101, HOLD?
55, 94, 37, 101, HOLD?
55, 103, 37, 101, HOLD?
55, 112, 37, 101, HOLD?
55, 121, 37, 101, HOLD?
55, 131, 37, 101, HOLD?
55, 140, 37, 101, HOLD?
55, 149, 37, 101, HOLD?
55, 158, 37, 101, HOLD?
55, 167, 37, 101, HOLD?
55, 177, 37, 101, HOLD?
55, 186, 37, 101, HOLD?
55, 195, 37, 101, BUY?
55, 204, 37, 101, BUY?
55, 214, 37, 101, BUY?
55, 223, 37, 101, BUY?
55, 232, 37, 101, BUY?
64, 18, 37, 186, WRITE?
64, 28, 37, 186, WRITE?
64, 37, 37, 186, WRITE?
64, 46, 37, 186, WRITE?
64, 55, 37, 186, WRITE?
64, 65, 37, 186, HOLD?
64, 74, 37, 186, HOLD?
64, 83, 37, 186, HOLD?
64, 92, 37, 186, HOLD?
64, 102, 37, 186, HOLD?
64, 111, 37, 186, HOLD?
64, 120, 37, 186, HOLD?
64, 129, 37, 186, HOLD?
64, 138, 37, 186, HOLD?
64, 148, 37, 186, HOLD?
64, 157, 37, 186, HOLD?
64, 166, 37, 186, HOLD?
64, 175, 37, 186, HOLD?
64, 185, 37, 186, BUY?
64, 194, 37, 186, BUY?
64, 203, 37, 186, BUY?
64, 212, 37, 186, BUY?
64, 222, 37, 186, BUY?
150, 9, 172, 59, WRITE?
150, 18, 172, 59, WRITE?
150, 28, 172, 59, WRITE?
150, 37, 172, 59, WRITE?
150, 46, 172, 59, WRITE?
150, 55, 172, 59, HOLD?
150, 64, 172, 59, HOLD?
150, 74, 172, 59, HOLD?
150, 83, 172, 59, HOLD?
150, 92, 172, 59, HOLD?
150, 101, 172, 59, HOLD?
150, 111, 172, 59, HOLD?
150, 120, 172, 59, HOLD?
150, 129, 172, 59, HOLD?
150, 138, 172, 59, HOLD?
150, 148, 172, 59, HOLD?
150, 157, 172, 59, HOLD?
150, 166, 172, 59, HOLD?
150, 175, 172, 59, BUY?
150, 184, 172, 59, BUY?
150, 194, 172, 59, BUY?
150, 203, 172, 59, BUY?
150, 212, 172, 59, BUY?
151, 14, 132, 95, WRITE?
151, 23, 132, 95, WRITE?
151, 32, 132, 95, WRITE?
151, 41, 132, 95, WRITE?
151, 51, 132, 95, WRITE?
151, 60, 132, 95, HOLD?
151, 69, 132, 95, HOLD?
151, 78, 132, 95, HOLD?
151, 87, 132, 95, HOLD?
151, 97, 132, 95, HOLD?
151, 106, 132, 95, HOLD?
151, 115, 132, 95, HOLD?
151, 124, 132, 95, HOLD?
151, 134, 132, 95, HOLD?
151, 143, 132, 95, HOLD?
151, 152, 132, 95, HOLD?
151, 161, 132, 95, HOLD?
151, 171, 132, 95, HOLD?
151, 180, 132, 95, BUY?
151, 189, 132, 95, BUY?
151, 198, 132, 95, BUY?
151, 207, 132, 95, BUY?
151, 217, 132, 95, BUY?
90, 18, 116, 164, WRITE?
90, 27, 116, 164, WRITE?
90, 37, 116, 164, WRITE?
90, 46, 116, 164, WRITE?
90, 55, 116, 164, WRITE?
90, 64, 116, 164, HOLD?
90, 74, 116, 164, HOLD?
90, 83, 116, 164, HOLD?
90, 92, 116, 164, HOLD?
90, 101, 116, 164, HOLD?
90, 110, 116, 164, HOLD?
90, 120, 116, 164, HOLD?
90, 129, 116, 164, HOLD?
90, 138, 116, 164, HOLD?
90, 147, 116, 164, HOLD?
90, 157, 116, 164, HOLD?
90, 166, 116, 164, HOLD?
90, 175, 116, 164, HOLD?
90, 184, 116, 164, BUY?
90, 194, 116, 164, BUY?
90, 203, 116, 164, BUY?
90, 212, 116, 164, BUY?
90, 221, 116, 164, BUY?
55, 13, 59, 52, WRITE?
55, 22, 59, 52, WRITE?
55, 31, 59, 52, WRITE?
55, 41, 59, 52, WRITE?
55, 50, 59, 52, WRITE?
55, 59, 59, 52, HOLD?
55, 68, 59, 52, HOLD?
55, 78, 59, 52, HOLD?
55, 87, 59, 52, HOLD?
55, 96, 59, 52, HOLD?
55, 105, 59, 52, HOLD?
55, 115, 59, 52, HOLD?
55, 124, 59, 52, HOLD?
55, 133, 59, 52, HOLD?
55, 142, 59, 52, HOLD?
55, 151, 59, 52, HOLD?
55, 161, 59, 52, HOLD?
55, 170, 59, 52, HOLD?
55, 179, 59, 52, BUY?
55, 188, 59, 52, BUY?
55, 198, 59, 52, BUY?
55, 207, 59, 52, BUY?
55, 216, 59, 52, BUY?
165, 2, 165, 156, WRITE?
165, 11, 165, 156, WRITE?
165, 20, 165, 156, WRITE?
165, 30, 165, 156, WRITE?
165, 39, 165, 156, WRITE?
165, 48, 165, 156, HOLD?
165, 57, 165, 156, HOLD?
165, 67, 165, 156, HOLD?
165, 76, 165, 156, HOLD?
165, 85, 165, 156, HOLD?
165, 94, 165, 156, HOLD?
165, 104, 165, 156, HOLD?
165, 113, 165, 156, HOLD?
165, 122, 165, 156, HOLD?
165, 131, 165, 156, HOLD?
165, 140, 165, 156, HOLD?
165, 150, 165, 156, HOLD?
165, 159, 165, 156, HOLD?
165, 168, 165, 156, BUY?
165, 177, 165, 156, BUY?
165, 187, 165, 156, BUY?
165, 196, 165, 156, BUY?
165, 205, 165, 156, BUY?
145, 9, 160, 125, WRITE?
145, 18, 160, 125, WRITE?
145, 27, 160, 125, WRITE?
145, 37, 160, 125, WRITE?
145, 46, 160, 125, WRITE?
145, 55, 160, 125, HOLD?
145, 64, 160, 125, HOLD?
145, 74, 160, 125, HOLD?
145, 83, 160, 125, HOLD?
145, 92, 160, 125, HOLD?
145, 101, 160, 125, HOLD?
145, 111, 160, 125, HOLD?
145, 120, 160, 125, HOLD?
145, 129, 160, 125, HOLD?
145, 138, 160, 125, HOLD?
145, 147, 160, 125, HOLD?
145, 157, 160, 125, HOLD?
145, 166, 160, 125, HOLD?
145, 175, 160, 125, BUY?
145, 184, 160, 125, BUY?
145, 194, 160, 125, BUY?
145, 203, 160, 125, BUY?
145, 212, 160, 125, BUY?
137, 13, 138, 172, WRITE?
137, 22, 138, 172, WRITE?
137, 31, 138, 172, WRITE?
137, 40, 138, 172, WRITE?
137, 50, 138, 172, WRITE?
137, 59, 138, 172, HOLD?
137, 68, 138, 172, HOLD?
137, 77, 138, 172, HOLD?
137, 86, 138, 172, HOLD?
137, 96, 138, 172, HOLD?
137, 105, 138, 172, HOLD?
137, 114, 138, 172, HOLD?
137, 123, 138, 172, HOLD?
137, 133, 138, 172, HOLD?
137, 142, 138, 172, HOLD?
137, 151, 138, 172, HOLD?
137, 160, 138, 172, HOLD?
137, 170, 138, 172, HOLD?
137, 179, 138, 172, BUY?
137, 188, 138, 172, BUY?
137, 197, 138, 172, BUY?
137, 206, 138, 172, BUY?
137, 216, 138, 172, BUY?
153, 15, 145, 49, WRITE?
153, 24, 145, 49, WRITE?
153, 33, 145, 49, WRITE?
153, 43, 145, 49, WRITE?
153, 52, 145, 49, WRITE?
153, 61, 145, 49, HOLD?
153, 70, 145, 49, HOLD?
153, 80, 145, 49, HOLD?
153, 89, 145, 49, HOLD?
153, 98, 145, 49, HOLD?
153, 107, 145, 49, HOLD?
153, 117, 145, 49, HOLD?
153, 126, 145, 49, HOLD?
153, 135, 145, 49, HOLD?
153, 144, 145, 49, HOLD?
153, 153, 145, 49, HOLD?
153, 163, 145, 49, HOLD?
153, 172, 145, 49, HOLD?
153, 181, 145, 49, BUY?
153, 190, 145, 49, BUY?
153, 200, 145, 49, BUY?
153, 209, 145, 49, BUY?
153, 218, 145, 49, BUY?
136, 20, 169, 96, WRITE?
136, 29, 169, 96, WRITE?
136, 38, 169, 96, WRITE?
136, 48, 169, 96, WRITE?
136, 57, 169, 96, WRITE?
136, 66, 169, 96, HOLD?
136, 75, 169, 96, HOLD?
136, 85, 169, 96, HOLD?
136, 94, 169, 96, HOLD?
136, 103, 169, 96, HOLD?
136, 112, 169, 96, HOLD?
136, 121, 169, 96, HOLD?
136, 131, 169, 96, HOLD?
136, 140, 169, 96, HOLD?
136, 149, 169, 96, HOLD?
136, 158, 169, 96, HOLD?
136, 168, 169, 96, HOLD?
136, 177, 169, 96, HOLD?
136, 186, 169, 96, BUY?
136, 195, 169, 96, BUY?
136, 205, 169, 96, BUY?
136, 214, 169, 96, BUY?
136, 223, 169, 96, BUY?
84, 22, 98, 102, WRITE?
84, 31, 98, 102, WRITE?
84, 41, 98, 102, WRITE?
84, 50, 98, 102, WRITE?
84, 59, 98, 102, WRITE?
84, 68, 98, 102, HOLD?
84, 78, 98, 102, HOLD?
84, 87, 98, 102, HOLD?
84, 96, 98, 102, HOLD?
84, 105, 98, 102, HOLD?
84, 114, 98, 102, HOLD?
84, 124, 98, 102, HOLD?
84, 133, 98, 102, HOLD?
84, 142, 98, 102, HOLD?
84, 151, 98, 102, HOLD?
84, 161, 98, 102, HOLD?
84, 170, 98, 102, HOLD?
84, 179, 98, 102, HOLD?
84, 188, 98, 102, BUY?
84, 198, 98, 102, BUY?
84, 207, 98, 102, BUY?
84, 216, 98, 102, BUY?
84, 225, 98, 102, BUY?
75, 25, 120, 71, WRITE?
75, 35, 120, 71, WRITE?
75, 44, 120, 71, WRITE?
75, 53, 120, 71, WRITE?
75, 62, 120, 71, WRITE?
75, 72, 120, 71, HOLD?
75, 81, 120, 71, HOLD?
75, 90, 120, 71, HOLD?
75, 99, 120, 71, HOLD?
75, 108, 120, 71, HOLD?
75, 118, 120, 71, HOLD?
75, 127, 120, 71, HOLD?
75, 136, 120, 71, HOLD?
75, 145, 120, 71, HOLD?
75, 155, 120, 71, HOLD?
75, 164, 120, 71, HOLD?
75, 173, 120, 71, HOLD?
75, 182, 120, 71, BUY?
75, 192, 120, 71, BUY?
75, 201, 120, 71, BUY?
75, 210, 120, 71, BUY?
75, 219, 120, 71, BUY?
124, 18, 72, 167, WRITE?
124, 27, 72, 167, WRITE?
124, 36, 72, 167, WRITE?
124, 45, 72, 167, WRITE?
124, 55, 72, 167, WRITE?
124, 64, 72, 167, HOLD?
124, 73, 72, 167, HOLD?
124, 82, 72, 167, HOLD?
124, 92, 72, 167, HOLD?
124, 101, 72, 167, HOLD?
124, 110, 72, 167, HOLD?
124, 119, 72, 167, HOLD?
124, 129, 72, 167, HOLD?
124, 138, 72, 167, HOLD?
124, 147, 72, 167, HOLD?
124, 156, 72, 167, HOLD?
124, 165, 72, 167, HOLD?
124, 175, 72, 167, BUY?
124, 184, 72, 167, BUY?
124, 193, 72, 167, BUY?
124, 202, 72, 167, BUY?
124, 212, 72, 167, BUY?
139, 18, 125, 227, WRITE?
139, 27, 125, 227, WRITE?
139, 37, 125, 227, WRITE?
139, 46, 125, 227, WRITE?
139, 55, 125, 227, WRITE?
139, 64, 125, 227, HOLD?
139, 73, 125, 227, HOLD?
139, 83, 125, 227, HOLD?
139, 92, 125, 227, HOLD?
139, 101, 125, 227, HOLD?
139, 110, 125, 227, HOLD?
139, 120, 125, 227, HOLD?
139, 129, 125, 227, HOLD?
139, 138, 125, 227, HOLD?
139, 147, 125, 227, HOLD?
139, 157, 125, 227, HOLD?
139, 166, 125, 227, HOLD?
139, 175, 125, 227, BUY?
139, 184, 125, 227, BUY?
139, 194, 125, 227, BUY?
139, 203, 125, 227, BUY?
139, 212, 125, 227, BUY?
144, 21, 153, 62, WRITE?
144, 30, 153, 62, WRITE?
144, 39, 153, 62, WRITE?
144, 49, 153, 62, WRITE?
144, 58, 153, 62, WRITE?
144, 67, 153, 62, HOLD?
144, 76, 153, 62, HOLD?
144, 85, 153, 62, HOLD?
144, 95, 153, 62, HOLD?
144, 104, 153, 62, HOLD?
144, 113, 153, 62, HOLD?
144, 122, 153, 62, HOLD?
144, 132, 153, 62, HOLD?
144, 141, 153, 62, HOLD?
144, 150, 153, 62, HOLD?
144, 159, 153, 62, HOLD?
144, 169, 153, 62, HOLD?
144, 178, 153, 62, BUY?
144, 187, 153, 62, BUY?
144, 196, 153, 62, BUY?
144, 205, 153, 62, BUY?
144, 215, 153, 62, BUY?
72, 24, 92, 96, WRITE?
72, 34, 92, 96, WRITE?
72, 43, 92, 96, WRITE?
72, 52, 92, 96, WRITE?
72, 61, 92, 96, WRITE?
72, 70, 92, 96, HOLD?
72, 80, 92, 96, HOLD?
72, 89, 92, 96, HOLD?
72, 98, 92, 96, HOLD?
72, 107, 92, 96, HOLD?
72, 117, 92, 96, HOLD?
72, 126, 92, 96, HOLD?
72, 135, 92, 96, HOLD?
72, 144, 92, 96, HOLD?
72, 154, 92, 96, HOLD?
72, 163, 92, 96, HOLD?
72, 172, 92, 96, HOLD?
72, 181, 92, 96, BUY?
72, 190, 92, 96, BUY?
72, 200, 92, 96, BUY?
72, 209, 92, 96, BUY?
72, 218, 92, 96, BUY?
32, 25, 51, 69, WRITE?
32, 35, 51, 69, WRITE?
32, 44, 51, 69, WRITE?
32, 53, 51, 69, WRITE?
32, 62, 51, 69, WRITE?
32, 72, 51, 69, HOLD?
32, 81, 51, 69, HOLD?
32, 90, 51, 69, HOLD?
32, 99, 51, 69, HOLD?
32, 109, 51, 69, HOLD?
32, 118, 51, 69, HOLD?
32, 127, 51, 69, HOLD?
32, 136, 51, 69, HOLD?
32, 145, 51, 69, HOLD?
32, 155, 51, 69, HOLD?
32, 164, 51, 69, HOLD?
32, 173, 51, 69, BUY?
32, 182, 51, 69, BUY?
32, 192, 51, 69, BUY?
32, 201, 51, 69, BUY?
32, 210, 51, 69, BUY?
66, 29, 68, 106, WRITE?
66, 38, 68, 106, WRITE?
66, 47, 68, 106, WRITE?
66, 56, 68, 106, WRITE?
66, 66, 68, 106, WRITE?
66, 75, 68, 106, HOLD?
66, 84, 68, 106, HOLD?
66, 93, 68, 106, HOLD?
66, 103, 68, 106, HOLD?
66, 112, 68, 106, HOLD?
66, 121, 68, 106, HOLD?
66, 130, 68, 106, HOLD?
66, 140, 68, 106, HOLD?
66, 149, 68, 106, HOLD?
66, 158, 68, 106, BUY?
66, 167, 68, 106, BUY?
66, 176, 68, 106, BUY?
66, 186, 68, 106, BUY?
66, 195, 68, 106, BUY?
41, 28, 18, 75, WRITE?
41, 37, 18, 75, WRITE?
41, 47, 18, 75, WRITE?
41, 56, 18, 75, WRITE?
41, 65, 18, 75, WRITE?
41, 74, 18, 75, HOLD?
41, 84, 18, 75, HOLD?
41, 93, 18, 75, HOLD?
41, 102, 18, 75, HOLD?
41, 111, 18, 75, HOLD?
41, 121, 18, 75, HOLD?
41, 130, 18, 75, HOLD?
41, 139, 18, 75, HOLD?
41, 148, 18, 75, BUY?
41, 157, 18, 75, BUY?
41, 167, 18, 75, BUY?
41, 176, 18, 75, BUY?
41, 185, 18, 75, BUY?
60, 23, 51, 162, WRITE?
60, 32, 51, 162, WRITE?
60, 42, 51, 162, WRITE?
60, 51, 51, 162, WRITE?
60, 60, 51, 162, WRITE?
60, 69, 51, 162, HOLD?
60, 78, 51, 162, HOLD?
60, 88, 51, 162, HOLD?
60, 97, 51, 162, HOLD?
60, 106, 51, 162, HOLD?
60, 115, 51, 162, HOLD?
60, 125, 51, 162, HOLD?
60, 134, 51, 162, BUY?
60, 143, 51, 162, BUY?
60, 152, 51, 162, BUY?
60, 162, 51, 162, BUY?
60, 171, 51, 162, BUY?
154, 21, 166, 146, WRITE?
154, 30, 166, 146, WRITE?
154, 39, 166, 146, WRITE?
154, 49, 166, 146, WRITE?
154, 58, 166, 146, WRITE?
154, 67, 166, 146, HOLD?
154, 76, 166, 146, HOLD?
154, 85, 166, 146, HOLD?
154, 95, 166, 146, HOLD?
154, 104, 166, 146, HOLD?
154, 113, 166, 146, HOLD?
154, 122, 166, 146, BUY?
154, 132, 166, 146, BUY?
154, 141, 166, 146, BUY?
154, 150, 166, 146, BUY?
154, 159, 166, 146, BUY?
0, 27, 0, 9, WRITE?
0, 36, 0, 9, WRITE?
0, 45, 0, 9, WRITE?
0, 54, 0, 9, WRITE?
0, 64, 0, 9, WRITE?
0, 73, 0, 9, HOLD?
0, 82, 0, 9, HOLD?
0, 91, 0, 9, HOLD?
0, 100, 0, 9, HOLD?
0, 110, 0, 9, HOLD?
0, 119, 0, 9, HOLD?
0, 128, 0, 9, BUY?
0, 137, 0, 9, BUY?
0, 147, 0, 9, BUY?
0, 156, 0, 9, BUY?
0, 165, 0, 9, BUY?
230, 3, 237, 255, WRITE?
230, 13, 237, 255, WRITE?
230, 22, 237, 255, WRITE?
230, 31, 237, 255, WRITE?
230, 40, 237, 255, WRITE?
230, 50, 237, 255, HOLD?
230, 59, 237, 255, HOLD?
230, 68, 237, 255, HOLD?
230, 77, 237, 255, HOLD?
230, 87, 237, 255, HOLD?
230, 96, 237, 255, HOLD?
230, 105, 237, 255, BUY?
230, 114, 237, 255, BUY?
230, 123, 237, 255, BUY?
230, 133, 237, 255, BUY?
230, 142, 237, 255, BUY?
79, 23, 88, 255, WRITE?
79, 32, 88, 255, WRITE?
79, 42, 88, 255, WRITE?
79, 51, 88, 255, WRITE?
79, 60, 88, 255, WRITE?
79, 69, 88, 255, HOLD?
79, 79, 88, 255, HOLD?
79, 88, 88, 255, HOLD?
79, 97, 88, 255, BUY?
79, 106, 88, 255, BUY?
79, 115, 88, 255, BUY?
79, 125, 88, 255, BUY?
79, 134, 88, 255, BUY?
